task__calibration,task__created,task__id,task__info,task__n_answers,task__priority_0,task__project_id,task__quorum,task__state,taskinfo__mmsi,taskinfo__month,taskinfo__vesselType,taskinfo__year
0,2016-05-06T14:45:35.566112,6031,"{""mmsi"": ""224082260"", ""month"": ""1"", ""vesselType"": ""Longliner"", ""year"": ""2015""}",3,0.0,23,0,completed,224082260,1,Longliner,2015
0,2016-05-06T14:45:35.697345,6032,"{""mmsi"": ""224082260"", ""month"": ""2"", ""vesselType"": ""Longliner"", ""year"": ""2015""}",3,0.0,23,0,completed,224082260,2,Longliner,2015
0,2016-05-06T14:45:35.826328,6033,"{""mmsi"": ""224082260"", ""month"": ""6"", ""vesselType"": ""Longliner"", ""year"": ""2015""}",3,0.0,23,0,completed,224082260,6,Longliner,2015
0,2016-05-06T14:45:35.962072,6034,"{""mmsi"": ""224082260"", ""month"": ""7"", ""vesselType"": ""Longliner"", ""year"": ""2015""}",3,0.0,23,0,completed,224082260,7,Longliner,2015
0,2016-05-13T04:22:57.242774,6073,"{""mmsi"": ""247155210"", ""month"": ""6"", ""vesselType"": ""purse_seine"", ""year"": ""2015""}",30,0.0,23,0,ongoing,247155210,6,purse_seine,2015
0,2016-05-13T04:22:57.372608,6074,"{""mmsi"": ""247155210"", ""month"": ""7"", ""vesselType"": ""purse_seine"", ""year"": ""2015""}",30,0.0,23,0,ongoing,247155210,7,purse_seine,2015
0,2016-05-13T04:22:57.501530,6075,"{""mmsi"": ""231045000"", ""month"": ""1"", ""vesselType"": ""trawler"", ""year"": ""2015""}",30,0.0,23,0,ongoing,231045000,1,trawler,2015
0,2016-05-13T04:22:57.638995,6076,"{""mmsi"": ""231045000"", ""month"": ""2"", ""vesselType"": ""trawler"", ""year"": ""2015""}",30,0.0,23,0,ongoing,231045000,2,trawler,2015
0,2016-05-13T04:22:57.793662,6077,"{""mmsi"": ""231045000"", ""month"": ""3"", ""vesselType"": ""trawler"", ""year"": ""2015""}",30,0.0,23,0,ongoing,231045000,3,trawler,2015
0,2016-05-13T04:22:57.916120,6078,"{""mmsi"": ""231045000"", ""month"": ""4"", ""vesselType"": ""trawler"", ""year"": ""2015""}",30,0.0,23,0,ongoing,231045000,4,trawler,2015
0,2016-05-13T04:22:58.047337,6079,"{""mmsi"": ""231045000"", ""month"": ""5"", ""vesselType"": ""trawler"", ""year"": ""2015""}",30,0.0,23,0,ongoing,231045000,5,trawler,2015
0,2016-05-13T04:22:58.177202,6080,"{""mmsi"": ""231045000"", ""month"": ""6"", ""vesselType"": ""trawler"", ""year"": ""2015""}",30,0.0,23,0,ongoing,231045000,6,trawler,2015
0,2016-05-13T04:22:58.314736,6081,"{""mmsi"": ""231045000"", ""month"": ""7"", ""vesselType"": ""trawler"", ""year"": ""2015""}",30,0.0,23,0,ongoing,231045000,7,trawler,2015
0,2016-05-13T04:22:58.451878,6082,"{""mmsi"": ""701000662"", ""month"": ""1"", ""vesselType"": ""trawler"", ""year"": ""2015""}",30,0.0,23,0,ongoing,701000662,1,trawler,2015
0,2016-05-13T04:22:58.586239,6083,"{""mmsi"": ""701000662"", ""month"": ""2"", ""vesselType"": ""trawler"", ""year"": ""2015""}",30,0.0,23,0,ongoing,701000662,2,trawler,2015
0,2016-05-13T04:22:58.713721,6084,"{""mmsi"": ""701000662"", ""month"": ""3"", ""vesselType"": ""trawler"", ""year"": ""2015""}",30,0.0,23,0,ongoing,701000662,3,trawler,2015
0,2016-05-13T04:22:58.840850,6085,"{""mmsi"": ""701000662"", ""month"": ""4"", ""vesselType"": ""trawler"", ""year"": ""2015""}",30,0.0,23,0,ongoing,701000662,4,trawler,2015
0,2016-05-13T04:22:58.964410,6086,"{""mmsi"": ""701000662"", ""month"": ""5"", ""vesselType"": ""trawler"", ""year"": ""2015""}",30,0.0,23,0,ongoing,701000662,5,trawler,2015
0,2016-05-13T04:22:59.090575,6087,"{""mmsi"": ""701000662"", ""month"": ""6"", ""vesselType"": ""trawler"", ""year"": ""2015""}",30,0.0,23,0,ongoing,701000662,6,trawler,2015
0,2016-05-13T04:22:59.223881,6088,"{""mmsi"": ""701000662"", ""month"": ""7"", ""vesselType"": ""trawler"", ""year"": ""2015""}",30,0.0,23,0,ongoing,701000662,7,trawler,2015
0,2016-05-13T04:22:59.350671,6089,"{""mmsi"": ""227146300"", ""month"": ""1"", ""vesselType"": ""purse_seine"", ""year"": ""2015""}",30,0.0,23,0,ongoing,227146300,1,purse_seine,2015
0,2016-05-13T04:22:59.471733,6090,"{""mmsi"": ""227146300"", ""month"": ""2"", ""vesselType"": ""purse_seine"", ""year"": ""2015""}",30,0.0,23,0,ongoing,227146300,2,purse_seine,2015
0,2016-05-13T04:22:59.601567,6091,"{""mmsi"": ""227146300"", ""month"": ""3"", ""vesselType"": ""purse_seine"", ""year"": ""2015""}",30,0.0,23,0,ongoing,227146300,3,purse_seine,2015
0,2016-05-13T04:22:59.745394,6092,"{""mmsi"": ""227146300"", ""month"": ""4"", ""vesselType"": ""purse_seine"", ""year"": ""2015""}",30,0.0,23,0,ongoing,227146300,4,purse_seine,2015
0,2016-05-13T04:22:59.880949,6093,"{""mmsi"": ""227146300"", ""month"": ""5"", ""vesselType"": ""purse_seine"", ""year"": ""2015""}",30,0.0,23,0,ongoing,227146300,5,purse_seine,2015
0,2016-05-13T04:23:00.012758,6094,"{""mmsi"": ""227146300"", ""month"": ""6"", ""vesselType"": ""purse_seine"", ""year"": ""2015""}",30,0.0,23,0,ongoing,227146300,6,purse_seine,2015
0,2016-05-13T04:23:00.145147,6095,"{""mmsi"": ""227146300"", ""month"": ""7"", ""vesselType"": ""purse_seine"", ""year"": ""2015""}",30,0.0,23,0,ongoing,227146300,7,purse_seine,2015
0,2016-05-13T04:23:00.292090,6096,"{""mmsi"": ""224055250"", ""month"": ""5"", ""vesselType"": ""trawler"", ""year"": ""2015""}",30,0.0,23,0,ongoing,224055250,5,trawler,2015
0,2016-05-13T04:23:00.418499,6097,"{""mmsi"": ""224055250"", ""month"": ""6"", ""vesselType"": ""trawler"", ""year"": ""2015""}",30,0.0,23,0,ongoing,224055250,6,trawler,2015
0,2016-05-13T04:23:00.547581,6098,"{""mmsi"": ""247143580"", ""month"": ""2"", ""vesselType"": ""trawler"", ""year"": ""2015""}",30,0.0,23,0,ongoing,247143580,2,trawler,2015
0,2016-05-13T04:23:00.679660,6099,"{""mmsi"": ""247143580"", ""month"": ""3"", ""vesselType"": ""trawler"", ""year"": ""2015""}",30,0.0,23,0,ongoing,247143580,3,trawler,2015
0,2016-05-13T04:23:00.820959,6100,"{""mmsi"": ""247143580"", ""month"": ""4"", ""vesselType"": ""trawler"", ""year"": ""2015""}",30,0.0,23,0,ongoing,247143580,4,trawler,2015
0,2016-05-13T04:23:00.951686,6101,"{""mmsi"": ""247143580"", ""month"": ""5"", ""vesselType"": ""trawler"", ""year"": ""2015""}",30,0.0,23,0,ongoing,247143580,5,trawler,2015
0,2016-05-13T04:23:01.082502,6102,"{""mmsi"": ""247143580"", ""month"": ""6"", ""vesselType"": ""trawler"", ""year"": ""2015""}",30,0.0,23,0,ongoing,247143580,6,trawler,2015
0,2016-05-13T04:23:01.209962,6103,"{""mmsi"": ""247143580"", ""month"": ""7"", ""vesselType"": ""trawler"", ""year"": ""2015""}",30,0.0,23,0,ongoing,247143580,7,trawler,2015
0,2016-05-13T04:23:01.341385,6104,"{""mmsi"": ""247051730"", ""month"": ""1"", ""vesselType"": ""trawler"", ""year"": ""2015""}",30,0.0,23,0,ongoing,247051730,1,trawler,2015
0,2016-05-13T04:23:01.484062,6105,"{""mmsi"": ""247051730"", ""month"": ""2"", ""vesselType"": ""trawler"", ""year"": ""2015""}",30,0.0,23,0,ongoing,247051730,2,trawler,2015
0,2016-05-13T04:23:01.611460,6106,"{""mmsi"": ""247051730"", ""month"": ""3"", ""vesselType"": ""trawler"", ""year"": ""2015""}",30,0.0,23,0,ongoing,247051730,3,trawler,2015
0,2016-05-13T04:23:01.739554,6107,"{""mmsi"": ""247051730"", ""month"": ""4"", ""vesselType"": ""trawler"", ""year"": ""2015""}",30,0.0,23,0,ongoing,247051730,4,trawler,2015
0,2016-05-13T04:23:01.862603,6108,"{""mmsi"": ""247051730"", ""month"": ""5"", ""vesselType"": ""trawler"", ""year"": ""2015""}",30,0.0,23,0,ongoing,247051730,5,trawler,2015
0,2016-05-13T04:23:01.990440,6109,"{""mmsi"": ""247051730"", ""month"": ""6"", ""vesselType"": ""trawler"", ""year"": ""2015""}",30,0.0,23,0,ongoing,247051730,6,trawler,2015
0,2016-05-13T04:23:02.116886,6110,"{""mmsi"": ""247051730"", ""month"": ""7"", ""vesselType"": ""trawler"", ""year"": ""2015""}",30,0.0,23,0,ongoing,247051730,7,trawler,2015
0,2016-05-13T04:23:02.242989,6111,"{""mmsi"": ""271072382"", ""month"": ""1"", ""vesselType"": ""purse_seine"", ""year"": ""2015""}",30,0.0,23,0,ongoing,271072382,1,purse_seine,2015
0,2016-05-13T04:23:02.372362,6112,"{""mmsi"": ""271072382"", ""month"": ""2"", ""vesselType"": ""purse_seine"", ""year"": ""2015""}",30,0.0,23,0,ongoing,271072382,2,purse_seine,2015
0,2016-05-13T04:23:02.494560,6113,"{""mmsi"": ""271072382"", ""month"": ""3"", ""vesselType"": ""purse_seine"", ""year"": ""2015""}",30,0.0,23,0,ongoing,271072382,3,purse_seine,2015
0,2016-05-13T04:23:02.627034,6114,"{""mmsi"": ""271072382"", ""month"": ""4"", ""vesselType"": ""purse_seine"", ""year"": ""2015""}",30,0.0,23,0,ongoing,271072382,4,purse_seine,2015
0,2016-05-13T04:23:02.756114,6115,"{""mmsi"": ""271072382"", ""month"": ""5"", ""vesselType"": ""purse_seine"", ""year"": ""2015""}",30,0.0,23,0,ongoing,271072382,5,purse_seine,2015
0,2016-05-13T04:23:02.881197,6116,"{""mmsi"": ""271072382"", ""month"": ""6"", ""vesselType"": ""purse_seine"", ""year"": ""2015""}",30,0.0,23,0,ongoing,271072382,6,purse_seine,2015
0,2016-05-13T04:23:03.017226,6117,"{""mmsi"": ""432564000"", ""month"": ""1"", ""vesselType"": ""purse_seine"", ""year"": ""2015""}",30,0.0,23,0,ongoing,432564000,1,purse_seine,2015
0,2016-05-13T04:23:03.158051,6118,"{""mmsi"": ""432564000"", ""month"": ""2"", ""vesselType"": ""purse_seine"", ""year"": ""2015""}",30,0.0,23,0,ongoing,432564000,2,purse_seine,2015
0,2016-05-13T04:23:03.295249,6119,"{""mmsi"": ""432564000"", ""month"": ""3"", ""vesselType"": ""purse_seine"", ""year"": ""2015""}",30,0.0,23,0,ongoing,432564000,3,purse_seine,2015
0,2016-05-13T04:23:03.428680,6120,"{""mmsi"": ""431702990"", ""month"": ""1"", ""vesselType"": ""longliner"", ""year"": ""2015""}",30,0.0,23,0,ongoing,431702990,1,longliner,2015
0,2016-05-13T04:23:03.558854,6121,"{""mmsi"": ""431702990"", ""month"": ""2"", ""vesselType"": ""longliner"", ""year"": ""2015""}",30,0.0,23,0,ongoing,431702990,2,longliner,2015
0,2016-05-13T04:23:03.678944,6122,"{""mmsi"": ""431702990"", ""month"": ""3"", ""vesselType"": ""longliner"", ""year"": ""2015""}",30,0.0,23,0,ongoing,431702990,3,longliner,2015
0,2016-05-13T04:23:03.826292,6123,"{""mmsi"": ""431702990"", ""month"": ""4"", ""vesselType"": ""longliner"", ""year"": ""2015""}",30,0.0,23,0,ongoing,431702990,4,longliner,2015
0,2016-05-13T04:23:03.961128,6124,"{""mmsi"": ""431702990"", ""month"": ""5"", ""vesselType"": ""longliner"", ""year"": ""2015""}",30,0.0,23,0,ongoing,431702990,5,longliner,2015
0,2016-05-13T04:23:04.088298,6125,"{""mmsi"": ""431702990"", ""month"": ""6"", ""vesselType"": ""longliner"", ""year"": ""2015""}",30,0.0,23,0,ongoing,431702990,6,longliner,2015
0,2016-05-13T04:23:04.225164,6126,"{""mmsi"": ""431702990"", ""month"": ""7"", ""vesselType"": ""longliner"", ""year"": ""2015""}",30,0.0,23,0,ongoing,431702990,7,longliner,2015
0,2016-05-13T04:23:04.356423,6127,"{""mmsi"": ""224094160"", ""month"": ""3"", ""vesselType"": ""purse_seine"", ""year"": ""2015""}",30,0.0,23,0,ongoing,224094160,3,purse_seine,2015
0,2016-05-13T04:23:04.484819,6128,"{""mmsi"": ""224094160"", ""month"": ""5"", ""vesselType"": ""purse_seine"", ""year"": ""2015""}",30,0.0,23,0,ongoing,224094160,5,purse_seine,2015
0,2016-05-13T04:23:04.613497,6129,"{""mmsi"": ""224094160"", ""month"": ""6"", ""vesselType"": ""purse_seine"", ""year"": ""2015""}",30,0.0,23,0,ongoing,224094160,6,purse_seine,2015
0,2016-05-13T04:23:04.759085,6130,"{""mmsi"": ""224094160"", ""month"": ""7"", ""vesselType"": ""purse_seine"", ""year"": ""2015""}",30,0.0,23,0,ongoing,224094160,7,purse_seine,2015
0,2016-05-13T04:23:04.888545,6131,"{""mmsi"": ""261008070"", ""month"": ""1"", ""vesselType"": ""trawler"", ""year"": ""2015""}",30,0.0,23,0,ongoing,261008070,1,trawler,2015
0,2016-05-13T04:23:05.020899,6132,"{""mmsi"": ""261008070"", ""month"": ""2"", ""vesselType"": ""trawler"", ""year"": ""2015""}",30,0.0,23,0,ongoing,261008070,2,trawler,2015
0,2016-05-13T04:23:05.158402,6133,"{""mmsi"": ""261008070"", ""month"": ""3"", ""vesselType"": ""trawler"", ""year"": ""2015""}",30,0.0,23,0,ongoing,261008070,3,trawler,2015
0,2016-05-13T04:23:05.292861,6134,"{""mmsi"": ""261008070"", ""month"": ""4"", ""vesselType"": ""trawler"", ""year"": ""2015""}",30,0.0,23,0,ongoing,261008070,4,trawler,2015
0,2016-05-13T04:23:05.427614,6135,"{""mmsi"": ""261008070"", ""month"": ""5"", ""vesselType"": ""trawler"", ""year"": ""2015""}",30,0.0,23,0,ongoing,261008070,5,trawler,2015
0,2016-05-13T04:23:05.572164,6136,"{""mmsi"": ""261008070"", ""month"": ""6"", ""vesselType"": ""trawler"", ""year"": ""2015""}",30,0.0,23,0,ongoing,261008070,6,trawler,2015
0,2016-05-13T04:23:05.714236,6137,"{""mmsi"": ""261008070"", ""month"": ""7"", ""vesselType"": ""trawler"", ""year"": ""2015""}",30,0.0,23,0,ongoing,261008070,7,trawler,2015
0,2016-05-13T04:23:05.848842,6138,"{""mmsi"": ""228258000"", ""month"": ""1"", ""vesselType"": ""trawler"", ""year"": ""2015""}",30,0.0,23,0,ongoing,228258000,1,trawler,2015
0,2016-05-13T04:23:05.990908,6139,"{""mmsi"": ""228258000"", ""month"": ""2"", ""vesselType"": ""trawler"", ""year"": ""2015""}",30,0.0,23,0,ongoing,228258000,2,trawler,2015
0,2016-05-13T04:23:06.125655,6140,"{""mmsi"": ""228258000"", ""month"": ""3"", ""vesselType"": ""trawler"", ""year"": ""2015""}",30,0.0,23,0,ongoing,228258000,3,trawler,2015
0,2016-05-13T04:23:06.259328,6141,"{""mmsi"": ""228258000"", ""month"": ""4"", ""vesselType"": ""trawler"", ""year"": ""2015""}",30,0.0,23,0,ongoing,228258000,4,trawler,2015
0,2016-05-13T04:23:06.388431,6142,"{""mmsi"": ""228258000"", ""month"": ""5"", ""vesselType"": ""trawler"", ""year"": ""2015""}",30,0.0,23,0,ongoing,228258000,5,trawler,2015
0,2016-05-13T04:23:06.520166,6143,"{""mmsi"": ""228258000"", ""month"": ""6"", ""vesselType"": ""trawler"", ""year"": ""2015""}",30,0.0,23,0,ongoing,228258000,6,trawler,2015
0,2016-05-13T04:23:06.645463,6144,"{""mmsi"": ""228258000"", ""month"": ""7"", ""vesselType"": ""trawler"", ""year"": ""2015""}",30,0.0,23,0,ongoing,228258000,7,trawler,2015
0,2016-05-13T04:23:06.773347,6145,"{""mmsi"": ""227503000"", ""month"": ""1"", ""vesselType"": ""purse_seine"", ""year"": ""2015""}",30,0.0,23,0,ongoing,227503000,1,purse_seine,2015
0,2016-05-13T04:23:06.900424,6146,"{""mmsi"": ""227503000"", ""month"": ""2"", ""vesselType"": ""purse_seine"", ""year"": ""2015""}",30,0.0,23,0,ongoing,227503000,2,purse_seine,2015
0,2016-05-13T04:23:07.031159,6147,"{""mmsi"": ""227503000"", ""month"": ""3"", ""vesselType"": ""purse_seine"", ""year"": ""2015""}",30,0.0,23,0,ongoing,227503000,3,purse_seine,2015
0,2016-05-13T04:23:07.164931,6148,"{""mmsi"": ""227503000"", ""month"": ""4"", ""vesselType"": ""purse_seine"", ""year"": ""2015""}",30,0.0,23,0,ongoing,227503000,4,purse_seine,2015
0,2016-05-13T04:23:07.293550,6149,"{""mmsi"": ""227503000"", ""month"": ""5"", ""vesselType"": ""purse_seine"", ""year"": ""2015""}",30,0.0,23,0,ongoing,227503000,5,purse_seine,2015
0,2016-05-13T04:23:07.426799,6150,"{""mmsi"": ""227503000"", ""month"": ""6"", ""vesselType"": ""purse_seine"", ""year"": ""2015""}",30,0.0,23,0,ongoing,227503000,6,purse_seine,2015
0,2016-05-13T04:23:07.550586,6151,"{""mmsi"": ""227503000"", ""month"": ""7"", ""vesselType"": ""purse_seine"", ""year"": ""2015""}",30,0.0,23,0,ongoing,227503000,7,purse_seine,2015
0,2016-05-13T04:23:07.679892,6152,"{""mmsi"": ""224082260"", ""month"": ""1"", ""vesselType"": ""longliner"", ""year"": ""2015""}",30,0.0,23,0,ongoing,224082260,1,longliner,2015
0,2016-05-13T04:23:07.804092,6153,"{""mmsi"": ""224082260"", ""month"": ""2"", ""vesselType"": ""longliner"", ""year"": ""2015""}",30,0.0,23,0,ongoing,224082260,2,longliner,2015
0,2016-05-13T04:23:07.932002,6154,"{""mmsi"": ""224082260"", ""month"": ""6"", ""vesselType"": ""longliner"", ""year"": ""2015""}",30,0.0,23,0,ongoing,224082260,6,longliner,2015
0,2016-05-13T04:23:08.063799,6155,"{""mmsi"": ""224082260"", ""month"": ""7"", ""vesselType"": ""longliner"", ""year"": ""2015""}",30,0.0,23,0,ongoing,224082260,7,longliner,2015
0,2016-05-13T04:23:08.196156,6156,"{""mmsi"": ""265502370"", ""month"": ""1"", ""vesselType"": ""trawler"", ""year"": ""2015""}",30,0.0,23,0,ongoing,265502370,1,trawler,2015
0,2016-05-13T04:23:08.325184,6157,"{""mmsi"": ""265502370"", ""month"": ""2"", ""vesselType"": ""trawler"", ""year"": ""2015""}",30,0.0,23,0,ongoing,265502370,2,trawler,2015
0,2016-05-13T04:23:08.453238,6158,"{""mmsi"": ""265502370"", ""month"": ""3"", ""vesselType"": ""trawler"", ""year"": ""2015""}",30,0.0,23,0,ongoing,265502370,3,trawler,2015
0,2016-05-13T04:23:08.587054,6159,"{""mmsi"": ""265502370"", ""month"": ""4"", ""vesselType"": ""trawler"", ""year"": ""2015""}",30,0.0,23,0,ongoing,265502370,4,trawler,2015
0,2016-05-13T04:23:08.712424,6160,"{""mmsi"": ""265502370"", ""month"": ""5"", ""vesselType"": ""trawler"", ""year"": ""2015""}",30,0.0,23,0,ongoing,265502370,5,trawler,2015
0,2016-05-13T04:23:08.848376,6161,"{""mmsi"": ""265502370"", ""month"": ""6"", ""vesselType"": ""trawler"", ""year"": ""2015""}",30,0.0,23,0,ongoing,265502370,6,trawler,2015
0,2016-05-13T04:23:08.977606,6162,"{""mmsi"": ""265502370"", ""month"": ""7"", ""vesselType"": ""trawler"", ""year"": ""2015""}",30,0.0,23,0,ongoing,265502370,7,trawler,2015
0,2016-05-13T04:23:09.103731,6163,"{""mmsi"": ""431796000"", ""month"": ""1"", ""vesselType"": ""purse_seine"", ""year"": ""2015""}",30,0.0,23,0,ongoing,431796000,1,purse_seine,2015
0,2016-05-13T04:23:09.238127,6164,"{""mmsi"": ""431796000"", ""month"": ""3"", ""vesselType"": ""purse_seine"", ""year"": ""2015""}",30,0.0,23,0,ongoing,431796000,3,purse_seine,2015
0,2016-05-13T04:23:09.370706,6165,"{""mmsi"": ""431796000"", ""month"": ""4"", ""vesselType"": ""purse_seine"", ""year"": ""2015""}",30,0.0,23,0,ongoing,431796000,4,purse_seine,2015
0,2016-05-13T04:23:09.496334,6166,"{""mmsi"": ""431796000"", ""month"": ""5"", ""vesselType"": ""purse_seine"", ""year"": ""2015""}",30,0.0,23,0,ongoing,431796000,5,purse_seine,2015
0,2016-05-13T04:23:09.625530,6167,"{""mmsi"": ""431796000"", ""month"": ""6"", ""vesselType"": ""purse_seine"", ""year"": ""2015""}",30,0.0,23,0,ongoing,431796000,6,purse_seine,2015
0,2016-05-13T04:23:09.754930,6168,"{""mmsi"": ""431796000"", ""month"": ""7"", ""vesselType"": ""purse_seine"", ""year"": ""2015""}",30,0.0,23,0,ongoing,431796000,7,purse_seine,2015
0,2016-05-13T04:23:09.885418,6169,"{""mmsi"": ""224020790"", ""month"": ""1"", ""vesselType"": ""longliner"", ""year"": ""2015""}",30,0.0,23,0,ongoing,224020790,1,longliner,2015
0,2016-05-13T04:23:10.017573,6170,"{""mmsi"": ""224020790"", ""month"": ""2"", ""vesselType"": ""longliner"", ""year"": ""2015""}",30,0.0,23,0,ongoing,224020790,2,longliner,2015
0,2016-05-13T04:23:10.152912,6171,"{""mmsi"": ""224020790"", ""month"": ""3"", ""vesselType"": ""longliner"", ""year"": ""2015""}",30,0.0,23,0,ongoing,224020790,3,longliner,2015
0,2016-05-13T04:23:10.286089,6172,"{""mmsi"": ""224020790"", ""month"": ""6"", ""vesselType"": ""longliner"", ""year"": ""2015""}",30,0.0,23,0,ongoing,224020790,6,longliner,2015
0,2016-05-13T04:23:10.422959,6173,"{""mmsi"": ""224020790"", ""month"": ""7"", ""vesselType"": ""longliner"", ""year"": ""2015""}",30,0.0,23,0,ongoing,224020790,7,longliner,2015
0,2016-05-13T04:23:10.561202,6174,"{""mmsi"": ""205155000"", ""month"": ""1"", ""vesselType"": ""trawler"", ""year"": ""2015""}",30,0.0,23,0,ongoing,205155000,1,trawler,2015
0,2016-05-13T04:23:10.696398,6175,"{""mmsi"": ""205155000"", ""month"": ""2"", ""vesselType"": ""trawler"", ""year"": ""2015""}",30,0.0,23,0,ongoing,205155000,2,trawler,2015
0,2016-05-13T04:23:10.828106,6176,"{""mmsi"": ""205155000"", ""month"": ""3"", ""vesselType"": ""trawler"", ""year"": ""2015""}",30,0.0,23,0,ongoing,205155000,3,trawler,2015
0,2016-05-13T04:23:10.954025,6177,"{""mmsi"": ""205155000"", ""month"": ""4"", ""vesselType"": ""trawler"", ""year"": ""2015""}",30,0.0,23,0,ongoing,205155000,4,trawler,2015
0,2016-05-13T04:23:11.080775,6178,"{""mmsi"": ""205155000"", ""month"": ""5"", ""vesselType"": ""trawler"", ""year"": ""2015""}",30,0.0,23,0,ongoing,205155000,5,trawler,2015
0,2016-05-13T04:23:11.212204,6179,"{""mmsi"": ""205155000"", ""month"": ""6"", ""vesselType"": ""trawler"", ""year"": ""2015""}",30,0.0,23,0,ongoing,205155000,6,trawler,2015
0,2016-05-13T04:23:11.340235,6180,"{""mmsi"": ""205155000"", ""month"": ""7"", ""vesselType"": ""trawler"", ""year"": ""2015""}",30,0.0,23,0,ongoing,205155000,7,trawler,2015
0,2016-05-13T04:23:11.474099,6181,"{""mmsi"": ""227101600"", ""month"": ""1"", ""vesselType"": ""trawler"", ""year"": ""2015""}",30,0.0,23,0,ongoing,227101600,1,trawler,2015
0,2016-05-13T04:23:11.606656,6182,"{""mmsi"": ""227101600"", ""month"": ""2"", ""vesselType"": ""trawler"", ""year"": ""2015""}",30,0.0,23,0,ongoing,227101600,2,trawler,2015
0,2016-05-13T04:23:11.743304,6183,"{""mmsi"": ""227101600"", ""month"": ""3"", ""vesselType"": ""trawler"", ""year"": ""2015""}",30,0.0,23,0,ongoing,227101600,3,trawler,2015
0,2016-05-13T04:23:11.886439,6184,"{""mmsi"": ""227101600"", ""month"": ""4"", ""vesselType"": ""trawler"", ""year"": ""2015""}",30,0.0,23,0,ongoing,227101600,4,trawler,2015
0,2016-05-13T04:23:12.014102,6185,"{""mmsi"": ""227101600"", ""month"": ""5"", ""vesselType"": ""trawler"", ""year"": ""2015""}",30,0.0,23,0,ongoing,227101600,5,trawler,2015
0,2016-05-13T04:23:12.143625,6186,"{""mmsi"": ""228282000"", ""month"": ""1"", ""vesselType"": ""trawler"", ""year"": ""2015""}",30,0.0,23,0,ongoing,228282000,1,trawler,2015
0,2016-05-13T04:23:12.273508,6187,"{""mmsi"": ""228282000"", ""month"": ""2"", ""vesselType"": ""trawler"", ""year"": ""2015""}",30,0.0,23,0,ongoing,228282000,2,trawler,2015
0,2016-05-13T04:23:12.407433,6188,"{""mmsi"": ""228282000"", ""month"": ""3"", ""vesselType"": ""trawler"", ""year"": ""2015""}",30,0.0,23,0,ongoing,228282000,3,trawler,2015
0,2016-05-13T04:23:12.534801,6189,"{""mmsi"": ""228282000"", ""month"": ""4"", ""vesselType"": ""trawler"", ""year"": ""2015""}",30,0.0,23,0,ongoing,228282000,4,trawler,2015
0,2016-05-13T04:23:12.661590,6190,"{""mmsi"": ""228282000"", ""month"": ""5"", ""vesselType"": ""trawler"", ""year"": ""2015""}",30,0.0,23,0,ongoing,228282000,5,trawler,2015
0,2016-05-13T04:23:12.787765,6191,"{""mmsi"": ""228282000"", ""month"": ""6"", ""vesselType"": ""trawler"", ""year"": ""2015""}",30,0.0,23,0,ongoing,228282000,6,trawler,2015
0,2016-05-13T04:23:12.916886,6192,"{""mmsi"": ""228282000"", ""month"": ""7"", ""vesselType"": ""trawler"", ""year"": ""2015""}",30,0.0,23,0,ongoing,228282000,7,trawler,2015
0,2016-05-13T04:23:13.047523,6193,"{""mmsi"": ""247121880"", ""month"": ""4"", ""vesselType"": ""trawler"", ""year"": ""2015""}",30,0.0,23,0,ongoing,247121880,4,trawler,2015
0,2016-05-13T04:23:13.201607,6194,"{""mmsi"": ""247121880"", ""month"": ""5"", ""vesselType"": ""trawler"", ""year"": ""2015""}",30,0.0,23,0,ongoing,247121880,5,trawler,2015
0,2016-05-13T04:23:13.334610,6195,"{""mmsi"": ""247121880"", ""month"": ""6"", ""vesselType"": ""trawler"", ""year"": ""2015""}",30,0.0,23,0,ongoing,247121880,6,trawler,2015
0,2016-05-13T04:23:13.471489,6196,"{""mmsi"": ""247121880"", ""month"": ""7"", ""vesselType"": ""trawler"", ""year"": ""2015""}",30,0.0,23,0,ongoing,247121880,7,trawler,2015
0,2016-05-13T04:23:13.648554,6197,"{""mmsi"": ""224020170"", ""month"": ""1"", ""vesselType"": ""longliner"", ""year"": ""2015""}",30,0.0,23,0,ongoing,224020170,1,longliner,2015
0,2016-05-13T04:23:13.796016,6198,"{""mmsi"": ""224020170"", ""month"": ""2"", ""vesselType"": ""longliner"", ""year"": ""2015""}",30,0.0,23,0,ongoing,224020170,2,longliner,2015
0,2016-05-13T04:23:13.930613,6199,"{""mmsi"": ""224020170"", ""month"": ""5"", ""vesselType"": ""longliner"", ""year"": ""2015""}",30,0.0,23,0,ongoing,224020170,5,longliner,2015
0,2016-05-13T04:23:14.061370,6200,"{""mmsi"": ""224020170"", ""month"": ""6"", ""vesselType"": ""longliner"", ""year"": ""2015""}",30,0.0,23,0,ongoing,224020170,6,longliner,2015
0,2016-05-13T04:23:14.189684,6201,"{""mmsi"": ""224020170"", ""month"": ""7"", ""vesselType"": ""longliner"", ""year"": ""2015""}",30,0.0,23,0,ongoing,224020170,7,longliner,2015
0,2016-05-17T23:28:48.347504,6202,"{""mmsi"": ""227579000"", ""month"": ""1"", ""vesselType"": ""trawler"", ""year"": ""2015""}",30,0.0,23,0,ongoing,227579000,1,trawler,2015
0,2016-05-17T23:28:51.487921,6203,"{""mmsi"": ""227579000"", ""month"": ""2"", ""vesselType"": ""trawler"", ""year"": ""2015""}",30,0.0,23,0,ongoing,227579000,2,trawler,2015
0,2016-05-17T23:28:54.624513,6204,"{""mmsi"": ""227579000"", ""month"": ""3"", ""vesselType"": ""trawler"", ""year"": ""2015""}",30,0.0,23,0,ongoing,227579000,3,trawler,2015
0,2016-05-17T23:28:57.757157,6205,"{""mmsi"": ""227579000"", ""month"": ""4"", ""vesselType"": ""trawler"", ""year"": ""2015""}",30,0.0,23,0,ongoing,227579000,4,trawler,2015
0,2016-05-17T23:29:00.887903,6206,"{""mmsi"": ""227579000"", ""month"": ""5"", ""vesselType"": ""trawler"", ""year"": ""2015""}",30,0.0,23,0,ongoing,227579000,5,trawler,2015
0,2016-05-17T23:29:04.015190,6207,"{""mmsi"": ""227579000"", ""month"": ""6"", ""vesselType"": ""trawler"", ""year"": ""2015""}",30,0.0,23,0,ongoing,227579000,6,trawler,2015
0,2016-05-17T23:29:07.147263,6208,"{""mmsi"": ""227579000"", ""month"": ""7"", ""vesselType"": ""trawler"", ""year"": ""2015""}",30,0.0,23,0,ongoing,227579000,7,trawler,2015
0,2016-05-17T23:29:10.281264,6209,"{""mmsi"": ""227579000"", ""month"": ""8"", ""vesselType"": ""trawler"", ""year"": ""2015""}",30,0.0,23,0,ongoing,227579000,8,trawler,2015
0,2016-05-17T23:29:13.426102,6210,"{""mmsi"": ""227579000"", ""month"": ""9"", ""vesselType"": ""trawler"", ""year"": ""2015""}",30,0.0,23,0,ongoing,227579000,9,trawler,2015
0,2016-05-17T23:29:16.555276,6211,"{""mmsi"": ""227579000"", ""month"": ""10"", ""vesselType"": ""trawler"", ""year"": ""2015""}",30,0.0,23,0,ongoing,227579000,10,trawler,2015
0,2016-05-17T23:29:19.728092,6212,"{""mmsi"": ""227579000"", ""month"": ""11"", ""vesselType"": ""trawler"", ""year"": ""2015""}",30,0.0,23,0,ongoing,227579000,11,trawler,2015
0,2016-05-17T23:29:22.857387,6213,"{""mmsi"": ""227579000"", ""month"": ""12"", ""vesselType"": ""trawler"", ""year"": ""2015""}",30,0.0,23,0,ongoing,227579000,12,trawler,2015
0,2016-05-17T23:29:25.991515,6214,"{""mmsi"": ""431802000"", ""month"": ""1"", ""vesselType"": ""longliner"", ""year"": ""2015""}",30,0.0,23,0,ongoing,431802000,1,longliner,2015
0,2016-05-17T23:29:29.121020,6215,"{""mmsi"": ""431802000"", ""month"": ""2"", ""vesselType"": ""longliner"", ""year"": ""2015""}",30,0.0,23,0,ongoing,431802000,2,longliner,2015
0,2016-05-17T23:29:32.251699,6216,"{""mmsi"": ""431802000"", ""month"": ""3"", ""vesselType"": ""longliner"", ""year"": ""2015""}",30,0.0,23,0,ongoing,431802000,3,longliner,2015
0,2016-05-17T23:29:35.389527,6217,"{""mmsi"": ""431802000"", ""month"": ""4"", ""vesselType"": ""longliner"", ""year"": ""2015""}",30,0.0,23,0,ongoing,431802000,4,longliner,2015
0,2016-05-17T23:29:38.517746,6218,"{""mmsi"": ""431802000"", ""month"": ""5"", ""vesselType"": ""longliner"", ""year"": ""2015""}",30,0.0,23,0,ongoing,431802000,5,longliner,2015
0,2016-05-17T23:29:41.644753,6219,"{""mmsi"": ""431802000"", ""month"": ""6"", ""vesselType"": ""longliner"", ""year"": ""2015""}",30,0.0,23,0,ongoing,431802000,6,longliner,2015
0,2016-05-17T23:29:44.780058,6220,"{""mmsi"": ""431802000"", ""month"": ""7"", ""vesselType"": ""longliner"", ""year"": ""2015""}",30,0.0,23,0,ongoing,431802000,7,longliner,2015
0,2016-05-17T23:29:47.910915,6221,"{""mmsi"": ""431802000"", ""month"": ""8"", ""vesselType"": ""longliner"", ""year"": ""2015""}",30,0.0,23,0,ongoing,431802000,8,longliner,2015
0,2016-05-17T23:29:51.045030,6222,"{""mmsi"": ""431802000"", ""month"": ""9"", ""vesselType"": ""longliner"", ""year"": ""2015""}",30,0.0,23,0,ongoing,431802000,9,longliner,2015
0,2016-05-17T23:29:54.175997,6223,"{""mmsi"": ""431802000"", ""month"": ""10"", ""vesselType"": ""longliner"", ""year"": ""2015""}",30,0.0,23,0,ongoing,431802000,10,longliner,2015
0,2016-05-17T23:29:57.302866,6224,"{""mmsi"": ""431802000"", ""month"": ""11"", ""vesselType"": ""longliner"", ""year"": ""2015""}",30,0.0,23,0,ongoing,431802000,11,longliner,2015
0,2016-05-17T23:30:00.428613,6225,"{""mmsi"": ""431802000"", ""month"": ""12"", ""vesselType"": ""longliner"", ""year"": ""2015""}",30,0.0,23,0,ongoing,431802000,12,longliner,2015
0,2016-05-17T23:30:03.558870,6226,"{""mmsi"": ""225019240"", ""month"": ""3"", ""vesselType"": ""longliner"", ""year"": ""2015""}",30,0.0,23,0,ongoing,225019240,3,longliner,2015
0,2016-05-17T23:30:06.712706,6227,"{""mmsi"": ""225019240"", ""month"": ""4"", ""vesselType"": ""longliner"", ""year"": ""2015""}",30,0.0,23,0,ongoing,225019240,4,longliner,2015
0,2016-05-17T23:30:09.837645,6228,"{""mmsi"": ""225019240"", ""month"": ""5"", ""vesselType"": ""longliner"", ""year"": ""2015""}",30,0.0,23,0,ongoing,225019240,5,longliner,2015
0,2016-05-17T23:30:12.966122,6229,"{""mmsi"": ""225019240"", ""month"": ""6"", ""vesselType"": ""longliner"", ""year"": ""2015""}",30,0.0,23,0,ongoing,225019240,6,longliner,2015
0,2016-05-17T23:30:16.095502,6230,"{""mmsi"": ""225019240"", ""month"": ""10"", ""vesselType"": ""longliner"", ""year"": ""2015""}",30,0.0,23,0,ongoing,225019240,10,longliner,2015
0,2016-05-17T23:30:19.220717,6231,"{""mmsi"": ""367064000"", ""month"": ""1"", ""vesselType"": ""trawler"", ""year"": ""2015""}",30,0.0,23,0,ongoing,367064000,1,trawler,2015
0,2016-05-17T23:30:22.350943,6232,"{""mmsi"": ""367064000"", ""month"": ""2"", ""vesselType"": ""trawler"", ""year"": ""2015""}",30,0.0,23,0,ongoing,367064000,2,trawler,2015
0,2016-05-17T23:30:25.478991,6233,"{""mmsi"": ""367064000"", ""month"": ""3"", ""vesselType"": ""trawler"", ""year"": ""2015""}",30,0.0,23,0,ongoing,367064000,3,trawler,2015
0,2016-05-17T23:30:28.643375,6234,"{""mmsi"": ""367064000"", ""month"": ""4"", ""vesselType"": ""trawler"", ""year"": ""2015""}",30,0.0,23,0,ongoing,367064000,4,trawler,2015
0,2016-05-17T23:30:31.772280,6235,"{""mmsi"": ""367064000"", ""month"": ""5"", ""vesselType"": ""trawler"", ""year"": ""2015""}",30,0.0,23,0,ongoing,367064000,5,trawler,2015
0,2016-05-17T23:30:34.906012,6236,"{""mmsi"": ""367064000"", ""month"": ""6"", ""vesselType"": ""trawler"", ""year"": ""2015""}",30,0.0,23,0,ongoing,367064000,6,trawler,2015
0,2016-05-17T23:30:38.034393,6237,"{""mmsi"": ""367064000"", ""month"": ""7"", ""vesselType"": ""trawler"", ""year"": ""2015""}",30,0.0,23,0,ongoing,367064000,7,trawler,2015
0,2016-05-17T23:30:41.163892,6238,"{""mmsi"": ""367064000"", ""month"": ""8"", ""vesselType"": ""trawler"", ""year"": ""2015""}",30,0.0,23,0,ongoing,367064000,8,trawler,2015
0,2016-05-17T23:30:44.286841,6239,"{""mmsi"": ""367064000"", ""month"": ""9"", ""vesselType"": ""trawler"", ""year"": ""2015""}",30,0.0,23,0,ongoing,367064000,9,trawler,2015
0,2016-05-17T23:30:47.415355,6240,"{""mmsi"": ""367064000"", ""month"": ""10"", ""vesselType"": ""trawler"", ""year"": ""2015""}",30,0.0,23,0,ongoing,367064000,10,trawler,2015
0,2016-05-17T23:30:50.543179,6241,"{""mmsi"": ""367064000"", ""month"": ""11"", ""vesselType"": ""trawler"", ""year"": ""2015""}",30,0.0,23,0,ongoing,367064000,11,trawler,2015
0,2016-05-17T23:30:53.670169,6242,"{""mmsi"": ""367064000"", ""month"": ""12"", ""vesselType"": ""trawler"", ""year"": ""2015""}",30,0.0,23,0,ongoing,367064000,12,trawler,2015
0,2016-05-17T23:30:56.795537,6243,"{""mmsi"": ""228380000"", ""month"": ""1"", ""vesselType"": ""trawler"", ""year"": ""2015""}",30,0.0,23,0,ongoing,228380000,1,trawler,2015
0,2016-05-17T23:30:59.933094,6244,"{""mmsi"": ""228380000"", ""month"": ""2"", ""vesselType"": ""trawler"", ""year"": ""2015""}",30,0.0,23,0,ongoing,228380000,2,trawler,2015
0,2016-05-17T23:31:03.064510,6245,"{""mmsi"": ""228380000"", ""month"": ""3"", ""vesselType"": ""trawler"", ""year"": ""2015""}",30,0.0,23,0,ongoing,228380000,3,trawler,2015
0,2016-05-17T23:31:06.197881,6246,"{""mmsi"": ""228380000"", ""month"": ""4"", ""vesselType"": ""trawler"", ""year"": ""2015""}",30,0.0,23,0,ongoing,228380000,4,trawler,2015
0,2016-05-17T23:31:09.329063,6247,"{""mmsi"": ""228380000"", ""month"": ""5"", ""vesselType"": ""trawler"", ""year"": ""2015""}",30,0.0,23,0,ongoing,228380000,5,trawler,2015
0,2016-05-17T23:31:12.462097,6248,"{""mmsi"": ""228380000"", ""month"": ""6"", ""vesselType"": ""trawler"", ""year"": ""2015""}",30,0.0,23,0,ongoing,228380000,6,trawler,2015
0,2016-05-17T23:31:15.590536,6249,"{""mmsi"": ""228380000"", ""month"": ""7"", ""vesselType"": ""trawler"", ""year"": ""2015""}",30,0.0,23,0,ongoing,228380000,7,trawler,2015
0,2016-05-17T23:31:18.721253,6250,"{""mmsi"": ""228380000"", ""month"": ""8"", ""vesselType"": ""trawler"", ""year"": ""2015""}",30,0.0,23,0,ongoing,228380000,8,trawler,2015
0,2016-05-17T23:31:21.851416,6251,"{""mmsi"": ""228380000"", ""month"": ""9"", ""vesselType"": ""trawler"", ""year"": ""2015""}",30,0.0,23,0,ongoing,228380000,9,trawler,2015
0,2016-05-17T23:31:24.981607,6252,"{""mmsi"": ""228380000"", ""month"": ""10"", ""vesselType"": ""trawler"", ""year"": ""2015""}",30,0.0,23,0,ongoing,228380000,10,trawler,2015
0,2016-05-17T23:31:28.124129,6253,"{""mmsi"": ""228380000"", ""month"": ""11"", ""vesselType"": ""trawler"", ""year"": ""2015""}",30,0.0,23,0,ongoing,228380000,11,trawler,2015
0,2016-05-17T23:31:31.251275,6254,"{""mmsi"": ""228380000"", ""month"": ""12"", ""vesselType"": ""trawler"", ""year"": ""2015""}",30,0.0,23,0,ongoing,228380000,12,trawler,2015
0,2016-05-17T23:31:34.381754,6255,"{""mmsi"": ""271072496"", ""month"": ""9"", ""vesselType"": ""purse_seine"", ""year"": ""2015""}",30,0.0,23,0,ongoing,271072496,9,purse_seine,2015
0,2016-05-17T23:31:37.507562,6256,"{""mmsi"": ""271072496"", ""month"": ""10"", ""vesselType"": ""purse_seine"", ""year"": ""2015""}",30,0.0,23,0,ongoing,271072496,10,purse_seine,2015
0,2016-05-17T23:31:40.632052,6257,"{""mmsi"": ""271072496"", ""month"": ""11"", ""vesselType"": ""purse_seine"", ""year"": ""2015""}",30,0.0,23,0,ongoing,271072496,11,purse_seine,2015
0,2016-05-17T23:31:43.762945,6258,"{""mmsi"": ""271072496"", ""month"": ""12"", ""vesselType"": ""purse_seine"", ""year"": ""2015""}",30,0.0,23,0,ongoing,271072496,12,purse_seine,2015
0,2016-05-17T23:31:46.892713,6259,"{""mmsi"": ""227468000"", ""month"": ""1"", ""vesselType"": ""trawler"", ""year"": ""2015""}",30,0.0,23,0,ongoing,227468000,1,trawler,2015
0,2016-05-17T23:31:50.024073,6260,"{""mmsi"": ""227468000"", ""month"": ""2"", ""vesselType"": ""trawler"", ""year"": ""2015""}",30,0.0,23,0,ongoing,227468000,2,trawler,2015
0,2016-05-17T23:31:53.155421,6261,"{""mmsi"": ""227468000"", ""month"": ""3"", ""vesselType"": ""trawler"", ""year"": ""2015""}",30,0.0,23,0,ongoing,227468000,3,trawler,2015
0,2016-05-17T23:31:56.287855,6262,"{""mmsi"": ""227468000"", ""month"": ""4"", ""vesselType"": ""trawler"", ""year"": ""2015""}",30,0.0,23,0,ongoing,227468000,4,trawler,2015
0,2016-05-17T23:31:59.415286,6263,"{""mmsi"": ""227468000"", ""month"": ""5"", ""vesselType"": ""trawler"", ""year"": ""2015""}",30,0.0,23,0,ongoing,227468000,5,trawler,2015
0,2016-05-17T23:32:02.552821,6264,"{""mmsi"": ""227468000"", ""month"": ""6"", ""vesselType"": ""trawler"", ""year"": ""2015""}",30,0.0,23,0,ongoing,227468000,6,trawler,2015
0,2016-05-17T23:32:05.697301,6265,"{""mmsi"": ""227468000"", ""month"": ""7"", ""vesselType"": ""trawler"", ""year"": ""2015""}",30,0.0,23,0,ongoing,227468000,7,trawler,2015
0,2016-05-17T23:32:08.831356,6266,"{""mmsi"": ""227468000"", ""month"": ""8"", ""vesselType"": ""trawler"", ""year"": ""2015""}",30,0.0,23,0,ongoing,227468000,8,trawler,2015
0,2016-05-17T23:32:11.961461,6267,"{""mmsi"": ""227468000"", ""month"": ""9"", ""vesselType"": ""trawler"", ""year"": ""2015""}",30,0.0,23,0,ongoing,227468000,9,trawler,2015
0,2016-05-17T23:32:15.098445,6268,"{""mmsi"": ""227468000"", ""month"": ""10"", ""vesselType"": ""trawler"", ""year"": ""2015""}",30,0.0,23,0,ongoing,227468000,10,trawler,2015
0,2016-05-17T23:32:18.235484,6269,"{""mmsi"": ""227468000"", ""month"": ""11"", ""vesselType"": ""trawler"", ""year"": ""2015""}",30,0.0,23,0,ongoing,227468000,11,trawler,2015
0,2016-05-17T23:32:21.363773,6270,"{""mmsi"": ""227468000"", ""month"": ""12"", ""vesselType"": ""trawler"", ""year"": ""2015""}",30,0.0,23,0,ongoing,227468000,12,trawler,2015
0,2016-05-17T23:32:24.495348,6271,"{""mmsi"": ""224047430"", ""month"": ""1"", ""vesselType"": ""trawler"", ""year"": ""2015""}",30,0.0,23,0,ongoing,224047430,1,trawler,2015
0,2016-05-17T23:32:27.630319,6272,"{""mmsi"": ""224047430"", ""month"": ""2"", ""vesselType"": ""trawler"", ""year"": ""2015""}",30,0.0,23,0,ongoing,224047430,2,trawler,2015
0,2016-05-17T23:32:30.760616,6273,"{""mmsi"": ""224047430"", ""month"": ""3"", ""vesselType"": ""trawler"", ""year"": ""2015""}",30,0.0,23,0,ongoing,224047430,3,trawler,2015
0,2016-05-17T23:32:33.896500,6274,"{""mmsi"": ""224047430"", ""month"": ""4"", ""vesselType"": ""trawler"", ""year"": ""2015""}",30,0.0,23,0,ongoing,224047430,4,trawler,2015
0,2016-05-17T23:32:37.032486,6275,"{""mmsi"": ""224047430"", ""month"": ""5"", ""vesselType"": ""trawler"", ""year"": ""2015""}",30,0.0,23,0,ongoing,224047430,5,trawler,2015
0,2016-05-17T23:32:40.169743,6276,"{""mmsi"": ""224047430"", ""month"": ""6"", ""vesselType"": ""trawler"", ""year"": ""2015""}",30,0.0,23,0,ongoing,224047430,6,trawler,2015
0,2016-05-17T23:32:43.295989,6277,"{""mmsi"": ""224047430"", ""month"": ""7"", ""vesselType"": ""trawler"", ""year"": ""2015""}",30,0.0,23,0,ongoing,224047430,7,trawler,2015
0,2016-05-17T23:32:46.442925,6278,"{""mmsi"": ""224047430"", ""month"": ""8"", ""vesselType"": ""trawler"", ""year"": ""2015""}",30,0.0,23,0,ongoing,224047430,8,trawler,2015
0,2016-05-17T23:32:49.585962,6279,"{""mmsi"": ""224047430"", ""month"": ""9"", ""vesselType"": ""trawler"", ""year"": ""2015""}",30,0.0,23,0,ongoing,224047430,9,trawler,2015
0,2016-05-17T23:32:52.724346,6280,"{""mmsi"": ""224047430"", ""month"": ""10"", ""vesselType"": ""trawler"", ""year"": ""2015""}",30,0.0,23,0,ongoing,224047430,10,trawler,2015
0,2016-05-17T23:32:55.852991,6281,"{""mmsi"": ""224047430"", ""month"": ""11"", ""vesselType"": ""trawler"", ""year"": ""2015""}",30,0.0,23,0,ongoing,224047430,11,trawler,2015
0,2016-05-17T23:32:58.983912,6282,"{""mmsi"": ""224047430"", ""month"": ""12"", ""vesselType"": ""trawler"", ""year"": ""2015""}",30,0.0,23,0,ongoing,224047430,12,trawler,2015
0,2016-05-17T23:33:02.115754,6283,"{""mmsi"": ""224014850"", ""month"": ""3"", ""vesselType"": ""purse_seine"", ""year"": ""2015""}",30,0.0,23,0,ongoing,224014850,3,purse_seine,2015
0,2016-05-17T23:33:05.246511,6284,"{""mmsi"": ""224014850"", ""month"": ""4"", ""vesselType"": ""purse_seine"", ""year"": ""2015""}",30,0.0,23,0,ongoing,224014850,4,purse_seine,2015
0,2016-05-17T23:33:08.386819,6285,"{""mmsi"": ""224014850"", ""month"": ""5"", ""vesselType"": ""purse_seine"", ""year"": ""2015""}",30,0.0,23,0,ongoing,224014850,5,purse_seine,2015
0,2016-05-17T23:33:11.521321,6286,"{""mmsi"": ""224014850"", ""month"": ""6"", ""vesselType"": ""purse_seine"", ""year"": ""2015""}",30,0.0,23,0,ongoing,224014850,6,purse_seine,2015
0,2016-05-17T23:33:14.648458,6287,"{""mmsi"": ""224014850"", ""month"": ""7"", ""vesselType"": ""purse_seine"", ""year"": ""2015""}",30,0.0,23,0,ongoing,224014850,7,purse_seine,2015
0,2016-05-17T23:33:17.781009,6288,"{""mmsi"": ""224014850"", ""month"": ""8"", ""vesselType"": ""purse_seine"", ""year"": ""2015""}",30,0.0,23,0,ongoing,224014850,8,purse_seine,2015
0,2016-05-17T23:33:20.911983,6289,"{""mmsi"": ""224014850"", ""month"": ""9"", ""vesselType"": ""purse_seine"", ""year"": ""2015""}",30,0.0,23,0,ongoing,224014850,9,purse_seine,2015
0,2016-05-17T23:33:24.052366,6290,"{""mmsi"": ""224014850"", ""month"": ""10"", ""vesselType"": ""purse_seine"", ""year"": ""2015""}",30,0.0,23,0,ongoing,224014850,10,purse_seine,2015
0,2016-05-17T23:33:27.181841,6291,"{""mmsi"": ""224014850"", ""month"": ""11"", ""vesselType"": ""purse_seine"", ""year"": ""2015""}",30,0.0,23,0,ongoing,224014850,11,purse_seine,2015
0,2016-05-17T23:33:30.311672,6292,"{""mmsi"": ""224014850"", ""month"": ""12"", ""vesselType"": ""purse_seine"", ""year"": ""2015""}",30,0.0,23,0,ongoing,224014850,12,purse_seine,2015
0,2016-05-17T23:33:33.441121,6293,"{""mmsi"": ""224068340"", ""month"": ""1"", ""vesselType"": ""trawler"", ""year"": ""2015""}",30,0.0,23,0,ongoing,224068340,1,trawler,2015
0,2016-05-17T23:33:36.574022,6294,"{""mmsi"": ""224068340"", ""month"": ""2"", ""vesselType"": ""trawler"", ""year"": ""2015""}",30,0.0,23,0,ongoing,224068340,2,trawler,2015
0,2016-05-17T23:33:39.705022,6295,"{""mmsi"": ""224068340"", ""month"": ""3"", ""vesselType"": ""trawler"", ""year"": ""2015""}",30,0.0,23,0,ongoing,224068340,3,trawler,2015
0,2016-05-17T23:33:42.835364,6296,"{""mmsi"": ""224068340"", ""month"": ""4"", ""vesselType"": ""trawler"", ""year"": ""2015""}",30,0.0,23,0,ongoing,224068340,4,trawler,2015
0,2016-05-17T23:33:45.972733,6297,"{""mmsi"": ""224068340"", ""month"": ""5"", ""vesselType"": ""trawler"", ""year"": ""2015""}",30,0.0,23,0,ongoing,224068340,5,trawler,2015
0,2016-05-17T23:33:49.248507,6298,"{""mmsi"": ""224068340"", ""month"": ""6"", ""vesselType"": ""trawler"", ""year"": ""2015""}",30,0.0,23,0,ongoing,224068340,6,trawler,2015
0,2016-05-17T23:33:52.383264,6299,"{""mmsi"": ""224068340"", ""month"": ""7"", ""vesselType"": ""trawler"", ""year"": ""2015""}",30,0.0,23,0,ongoing,224068340,7,trawler,2015
0,2016-05-17T23:33:55.529924,6300,"{""mmsi"": ""224068340"", ""month"": ""8"", ""vesselType"": ""trawler"", ""year"": ""2015""}",30,0.0,23,0,ongoing,224068340,8,trawler,2015
0,2016-05-17T23:33:58.663925,6301,"{""mmsi"": ""224068340"", ""month"": ""9"", ""vesselType"": ""trawler"", ""year"": ""2015""}",30,0.0,23,0,ongoing,224068340,9,trawler,2015
0,2016-05-17T23:34:01.795366,6302,"{""mmsi"": ""224068340"", ""month"": ""10"", ""vesselType"": ""trawler"", ""year"": ""2015""}",30,0.0,23,0,ongoing,224068340,10,trawler,2015
0,2016-05-17T23:34:04.921091,6303,"{""mmsi"": ""224068340"", ""month"": ""12"", ""vesselType"": ""trawler"", ""year"": ""2015""}",30,0.0,23,0,ongoing,224068340,12,trawler,2015
0,2016-05-17T23:34:08.061095,6304,"{""mmsi"": ""224992000"", ""month"": ""5"", ""vesselType"": ""longliner"", ""year"": ""2015""}",30,0.0,23,0,ongoing,224992000,5,longliner,2015
0,2016-05-17T23:34:11.189416,6305,"{""mmsi"": ""224992000"", ""month"": ""6"", ""vesselType"": ""longliner"", ""year"": ""2015""}",30,0.0,23,0,ongoing,224992000,6,longliner,2015
0,2016-05-17T23:34:14.322784,6306,"{""mmsi"": ""224992000"", ""month"": ""7"", ""vesselType"": ""longliner"", ""year"": ""2015""}",30,0.0,23,0,ongoing,224992000,7,longliner,2015
0,2016-05-17T23:34:17.447918,6307,"{""mmsi"": ""224992000"", ""month"": ""8"", ""vesselType"": ""longliner"", ""year"": ""2015""}",30,0.0,23,0,ongoing,224992000,8,longliner,2015
0,2016-05-17T23:34:20.575665,6308,"{""mmsi"": ""224992000"", ""month"": ""10"", ""vesselType"": ""longliner"", ""year"": ""2015""}",30,0.0,23,0,ongoing,224992000,10,longliner,2015
0,2016-05-17T23:34:23.707358,6309,"{""mmsi"": ""224992000"", ""month"": ""11"", ""vesselType"": ""longliner"", ""year"": ""2015""}",30,0.0,23,0,ongoing,224992000,11,longliner,2015
0,2016-05-17T23:34:26.842388,6310,"{""mmsi"": ""224992000"", ""month"": ""12"", ""vesselType"": ""longliner"", ""year"": ""2015""}",30,0.0,23,0,ongoing,224992000,12,longliner,2015
0,2016-05-17T23:34:29.977081,6311,"{""mmsi"": ""246161000"", ""month"": ""1"", ""vesselType"": ""trawler"", ""year"": ""2015""}",30,0.0,23,0,ongoing,246161000,1,trawler,2015
0,2016-05-17T23:34:33.109911,6312,"{""mmsi"": ""246161000"", ""month"": ""2"", ""vesselType"": ""trawler"", ""year"": ""2015""}",30,0.0,23,0,ongoing,246161000,2,trawler,2015
0,2016-05-17T23:34:36.239670,6313,"{""mmsi"": ""246161000"", ""month"": ""3"", ""vesselType"": ""trawler"", ""year"": ""2015""}",30,0.0,23,0,ongoing,246161000,3,trawler,2015
0,2016-05-17T23:34:39.367934,6314,"{""mmsi"": ""246161000"", ""month"": ""4"", ""vesselType"": ""trawler"", ""year"": ""2015""}",30,0.0,23,0,ongoing,246161000,4,trawler,2015
0,2016-05-17T23:34:42.495970,6315,"{""mmsi"": ""246161000"", ""month"": ""5"", ""vesselType"": ""trawler"", ""year"": ""2015""}",30,0.0,23,0,ongoing,246161000,5,trawler,2015
0,2016-05-17T23:34:45.627458,6316,"{""mmsi"": ""246161000"", ""month"": ""6"", ""vesselType"": ""trawler"", ""year"": ""2015""}",30,0.0,23,0,ongoing,246161000,6,trawler,2015
0,2016-05-17T23:34:48.754370,6317,"{""mmsi"": ""246161000"", ""month"": ""7"", ""vesselType"": ""trawler"", ""year"": ""2015""}",30,0.0,23,0,ongoing,246161000,7,trawler,2015
0,2016-05-17T23:34:51.884444,6318,"{""mmsi"": ""246161000"", ""month"": ""8"", ""vesselType"": ""trawler"", ""year"": ""2015""}",30,0.0,23,0,ongoing,246161000,8,trawler,2015
0,2016-05-17T23:34:55.016435,6319,"{""mmsi"": ""246161000"", ""month"": ""9"", ""vesselType"": ""trawler"", ""year"": ""2015""}",30,0.0,23,0,ongoing,246161000,9,trawler,2015
0,2016-05-17T23:34:58.149574,6320,"{""mmsi"": ""246161000"", ""month"": ""10"", ""vesselType"": ""trawler"", ""year"": ""2015""}",30,0.0,23,0,ongoing,246161000,10,trawler,2015
0,2016-05-17T23:35:01.279882,6321,"{""mmsi"": ""246161000"", ""month"": ""11"", ""vesselType"": ""trawler"", ""year"": ""2015""}",30,0.0,23,0,ongoing,246161000,11,trawler,2015
0,2016-05-17T23:35:04.418589,6322,"{""mmsi"": ""246161000"", ""month"": ""12"", ""vesselType"": ""trawler"", ""year"": ""2015""}",30,0.0,23,0,ongoing,246161000,12,trawler,2015
0,2016-05-17T23:35:07.557024,6323,"{""mmsi"": ""701000880"", ""month"": ""1"", ""vesselType"": ""trawler"", ""year"": ""2015""}",30,0.0,23,0,ongoing,701000880,1,trawler,2015
0,2016-05-17T23:35:10.685143,6324,"{""mmsi"": ""701000880"", ""month"": ""2"", ""vesselType"": ""trawler"", ""year"": ""2015""}",30,0.0,23,0,ongoing,701000880,2,trawler,2015
0,2016-05-17T23:35:13.816065,6325,"{""mmsi"": ""701000880"", ""month"": ""3"", ""vesselType"": ""trawler"", ""year"": ""2015""}",30,0.0,23,0,ongoing,701000880,3,trawler,2015
0,2016-05-17T23:35:16.948011,6326,"{""mmsi"": ""701000880"", ""month"": ""4"", ""vesselType"": ""trawler"", ""year"": ""2015""}",30,0.0,23,0,ongoing,701000880,4,trawler,2015
0,2016-05-17T23:35:20.076495,6327,"{""mmsi"": ""701000880"", ""month"": ""5"", ""vesselType"": ""trawler"", ""year"": ""2015""}",30,0.0,23,0,ongoing,701000880,5,trawler,2015
0,2016-05-17T23:35:23.216911,6328,"{""mmsi"": ""701000880"", ""month"": ""6"", ""vesselType"": ""trawler"", ""year"": ""2015""}",30,0.0,23,0,ongoing,701000880,6,trawler,2015
0,2016-05-17T23:35:26.348883,6329,"{""mmsi"": ""701000880"", ""month"": ""7"", ""vesselType"": ""trawler"", ""year"": ""2015""}",30,0.0,23,0,ongoing,701000880,7,trawler,2015
0,2016-05-17T23:35:29.479304,6330,"{""mmsi"": ""701000880"", ""month"": ""8"", ""vesselType"": ""trawler"", ""year"": ""2015""}",30,0.0,23,0,ongoing,701000880,8,trawler,2015
0,2016-05-17T23:35:32.605273,6331,"{""mmsi"": ""701000880"", ""month"": ""9"", ""vesselType"": ""trawler"", ""year"": ""2015""}",30,0.0,23,0,ongoing,701000880,9,trawler,2015
0,2016-05-17T23:35:35.730662,6332,"{""mmsi"": ""701000880"", ""month"": ""10"", ""vesselType"": ""trawler"", ""year"": ""2015""}",30,0.0,23,0,ongoing,701000880,10,trawler,2015
0,2016-05-17T23:35:38.859267,6333,"{""mmsi"": ""701000880"", ""month"": ""11"", ""vesselType"": ""trawler"", ""year"": ""2015""}",30,0.0,23,0,ongoing,701000880,11,trawler,2015
0,2016-05-17T23:35:41.989921,6334,"{""mmsi"": ""701000880"", ""month"": ""12"", ""vesselType"": ""trawler"", ""year"": ""2015""}",30,0.0,23,0,ongoing,701000880,12,trawler,2015
0,2016-05-17T23:35:45.163315,6335,"{""mmsi"": ""520171000"", ""month"": ""7"", ""vesselType"": ""longliner"", ""year"": ""2015""}",30,0.0,23,0,ongoing,520171000,7,longliner,2015
0,2016-05-17T23:35:48.441318,6336,"{""mmsi"": ""520171000"", ""month"": ""8"", ""vesselType"": ""longliner"", ""year"": ""2015""}",30,0.0,23,0,ongoing,520171000,8,longliner,2015
0,2016-05-17T23:35:51.569948,6337,"{""mmsi"": ""520171000"", ""month"": ""9"", ""vesselType"": ""longliner"", ""year"": ""2015""}",30,0.0,23,0,ongoing,520171000,9,longliner,2015
0,2016-05-17T23:35:54.701663,6338,"{""mmsi"": ""520171000"", ""month"": ""10"", ""vesselType"": ""longliner"", ""year"": ""2015""}",30,0.0,23,0,ongoing,520171000,10,longliner,2015
0,2016-05-17T23:35:57.834684,6339,"{""mmsi"": ""520171000"", ""month"": ""11"", ""vesselType"": ""longliner"", ""year"": ""2015""}",30,0.0,23,0,ongoing,520171000,11,longliner,2015
0,2016-05-17T23:36:00.966147,6340,"{""mmsi"": ""520171000"", ""month"": ""12"", ""vesselType"": ""longliner"", ""year"": ""2015""}",30,0.0,23,0,ongoing,520171000,12,longliner,2015
0,2016-05-17T23:36:04.092553,6341,"{""mmsi"": ""251030110"", ""month"": ""1"", ""vesselType"": ""purse_seine"", ""year"": ""2015""}",30,0.0,23,0,ongoing,251030110,1,purse_seine,2015
0,2016-05-17T23:36:07.219617,6342,"{""mmsi"": ""251030110"", ""month"": ""2"", ""vesselType"": ""purse_seine"", ""year"": ""2015""}",30,0.0,23,0,ongoing,251030110,2,purse_seine,2015
0,2016-05-17T23:36:10.348327,6343,"{""mmsi"": ""251030110"", ""month"": ""3"", ""vesselType"": ""purse_seine"", ""year"": ""2015""}",30,0.0,23,0,ongoing,251030110,3,purse_seine,2015
0,2016-05-17T23:36:13.475008,6344,"{""mmsi"": ""251030110"", ""month"": ""4"", ""vesselType"": ""purse_seine"", ""year"": ""2015""}",30,0.0,23,0,ongoing,251030110,4,purse_seine,2015
0,2016-05-17T23:36:16.600476,6345,"{""mmsi"": ""251030110"", ""month"": ""5"", ""vesselType"": ""purse_seine"", ""year"": ""2015""}",30,0.0,23,0,ongoing,251030110,5,purse_seine,2015
0,2016-05-17T23:36:19.740054,6346,"{""mmsi"": ""251030110"", ""month"": ""6"", ""vesselType"": ""purse_seine"", ""year"": ""2015""}",30,0.0,23,0,ongoing,251030110,6,purse_seine,2015
0,2016-05-17T23:36:22.875917,6347,"{""mmsi"": ""251030110"", ""month"": ""7"", ""vesselType"": ""purse_seine"", ""year"": ""2015""}",30,0.0,23,0,ongoing,251030110,7,purse_seine,2015
0,2016-05-17T23:36:26.000427,6348,"{""mmsi"": ""251030110"", ""month"": ""8"", ""vesselType"": ""purse_seine"", ""year"": ""2015""}",30,0.0,23,0,ongoing,251030110,8,purse_seine,2015
0,2016-05-17T23:36:29.140917,6349,"{""mmsi"": ""251030110"", ""month"": ""9"", ""vesselType"": ""purse_seine"", ""year"": ""2015""}",30,0.0,23,0,ongoing,251030110,9,purse_seine,2015
0,2016-05-17T23:36:32.276052,6350,"{""mmsi"": ""251030110"", ""month"": ""10"", ""vesselType"": ""purse_seine"", ""year"": ""2015""}",30,0.0,23,0,ongoing,251030110,10,purse_seine,2015
0,2016-05-17T23:36:35.407021,6351,"{""mmsi"": ""251030110"", ""month"": ""11"", ""vesselType"": ""purse_seine"", ""year"": ""2015""}",30,0.0,23,0,ongoing,251030110,11,purse_seine,2015
0,2016-05-17T23:36:38.531965,6352,"{""mmsi"": ""251030110"", ""month"": ""12"", ""vesselType"": ""purse_seine"", ""year"": ""2015""}",30,0.0,23,0,ongoing,251030110,12,purse_seine,2015
0,2016-05-17T23:36:41.659777,6353,"{""mmsi"": ""250103560"", ""month"": ""1"", ""vesselType"": ""trawler"", ""year"": ""2015""}",30,0.0,23,0,ongoing,250103560,1,trawler,2015
0,2016-05-17T23:36:44.790362,6354,"{""mmsi"": ""250103560"", ""month"": ""2"", ""vesselType"": ""trawler"", ""year"": ""2015""}",30,0.0,23,0,ongoing,250103560,2,trawler,2015
0,2016-05-17T23:36:47.919739,6355,"{""mmsi"": ""250103560"", ""month"": ""3"", ""vesselType"": ""trawler"", ""year"": ""2015""}",30,0.0,23,0,ongoing,250103560,3,trawler,2015
0,2016-05-17T23:36:51.043903,6356,"{""mmsi"": ""250103560"", ""month"": ""4"", ""vesselType"": ""trawler"", ""year"": ""2015""}",30,0.0,23,0,ongoing,250103560,4,trawler,2015
0,2016-05-17T23:36:54.168732,6357,"{""mmsi"": ""250103560"", ""month"": ""5"", ""vesselType"": ""trawler"", ""year"": ""2015""}",30,0.0,23,0,ongoing,250103560,5,trawler,2015
0,2016-05-17T23:36:57.293409,6358,"{""mmsi"": ""250103560"", ""month"": ""6"", ""vesselType"": ""trawler"", ""year"": ""2015""}",30,0.0,23,0,ongoing,250103560,6,trawler,2015
0,2016-05-17T23:37:00.425115,6359,"{""mmsi"": ""250103560"", ""month"": ""7"", ""vesselType"": ""trawler"", ""year"": ""2015""}",30,0.0,23,0,ongoing,250103560,7,trawler,2015
0,2016-05-17T23:37:03.550248,6360,"{""mmsi"": ""250103560"", ""month"": ""8"", ""vesselType"": ""trawler"", ""year"": ""2015""}",30,0.0,23,0,ongoing,250103560,8,trawler,2015
0,2016-05-17T23:37:06.678930,6361,"{""mmsi"": ""250103560"", ""month"": ""9"", ""vesselType"": ""trawler"", ""year"": ""2015""}",30,0.0,23,0,ongoing,250103560,9,trawler,2015
0,2016-05-17T23:37:09.819701,6362,"{""mmsi"": ""250103560"", ""month"": ""10"", ""vesselType"": ""trawler"", ""year"": ""2015""}",30,0.0,23,0,ongoing,250103560,10,trawler,2015
0,2016-05-17T23:37:12.951598,6363,"{""mmsi"": ""250103560"", ""month"": ""11"", ""vesselType"": ""trawler"", ""year"": ""2015""}",30,0.0,23,0,ongoing,250103560,11,trawler,2015
0,2016-05-17T23:37:16.086705,6364,"{""mmsi"": ""250103560"", ""month"": ""12"", ""vesselType"": ""trawler"", ""year"": ""2015""}",30,0.0,23,0,ongoing,250103560,12,trawler,2015
0,2016-05-17T23:37:19.215955,6365,"{""mmsi"": ""226220000"", ""month"": ""1"", ""vesselType"": ""trawler"", ""year"": ""2015""}",30,0.0,23,0,ongoing,226220000,1,trawler,2015
0,2016-05-17T23:37:22.350383,6366,"{""mmsi"": ""226220000"", ""month"": ""2"", ""vesselType"": ""trawler"", ""year"": ""2015""}",30,0.0,23,0,ongoing,226220000,2,trawler,2015
0,2016-05-17T23:37:25.478032,6367,"{""mmsi"": ""226220000"", ""month"": ""3"", ""vesselType"": ""trawler"", ""year"": ""2015""}",30,0.0,23,0,ongoing,226220000,3,trawler,2015
0,2016-05-17T23:37:28.648481,6368,"{""mmsi"": ""226220000"", ""month"": ""4"", ""vesselType"": ""trawler"", ""year"": ""2015""}",30,0.0,23,0,ongoing,226220000,4,trawler,2015
0,2016-05-17T23:37:31.780400,6369,"{""mmsi"": ""226220000"", ""month"": ""5"", ""vesselType"": ""trawler"", ""year"": ""2015""}",30,0.0,23,0,ongoing,226220000,5,trawler,2015
0,2016-05-17T23:37:34.907351,6370,"{""mmsi"": ""226220000"", ""month"": ""6"", ""vesselType"": ""trawler"", ""year"": ""2015""}",30,0.0,23,0,ongoing,226220000,6,trawler,2015
0,2016-05-17T23:37:38.042411,6371,"{""mmsi"": ""226220000"", ""month"": ""7"", ""vesselType"": ""trawler"", ""year"": ""2015""}",30,0.0,23,0,ongoing,226220000,7,trawler,2015
0,2016-05-17T23:37:41.171766,6372,"{""mmsi"": ""226220000"", ""month"": ""8"", ""vesselType"": ""trawler"", ""year"": ""2015""}",30,0.0,23,0,ongoing,226220000,8,trawler,2015
0,2016-05-17T23:37:44.300053,6373,"{""mmsi"": ""226220000"", ""month"": ""9"", ""vesselType"": ""trawler"", ""year"": ""2015""}",30,0.0,23,0,ongoing,226220000,9,trawler,2015
0,2016-05-17T23:37:47.426691,6374,"{""mmsi"": ""224792000"", ""month"": ""1"", ""vesselType"": ""longliner"", ""year"": ""2015""}",30,0.0,23,0,ongoing,224792000,1,longliner,2015
0,2016-05-17T23:37:50.551862,6375,"{""mmsi"": ""224792000"", ""month"": ""2"", ""vesselType"": ""longliner"", ""year"": ""2015""}",30,0.0,23,0,ongoing,224792000,2,longliner,2015
0,2016-05-17T23:37:53.677541,6376,"{""mmsi"": ""224792000"", ""month"": ""3"", ""vesselType"": ""longliner"", ""year"": ""2015""}",30,0.0,23,0,ongoing,224792000,3,longliner,2015
0,2016-05-17T23:37:56.847684,6377,"{""mmsi"": ""224792000"", ""month"": ""4"", ""vesselType"": ""longliner"", ""year"": ""2015""}",30,0.0,23,0,ongoing,224792000,4,longliner,2015
0,2016-05-17T23:38:00.014492,6378,"{""mmsi"": ""224792000"", ""month"": ""5"", ""vesselType"": ""longliner"", ""year"": ""2015""}",30,0.0,23,0,ongoing,224792000,5,longliner,2015
0,2016-05-17T23:38:03.151792,6379,"{""mmsi"": ""224792000"", ""month"": ""6"", ""vesselType"": ""longliner"", ""year"": ""2015""}",30,0.0,23,0,ongoing,224792000,6,longliner,2015
0,2016-05-17T23:38:06.280914,6380,"{""mmsi"": ""224792000"", ""month"": ""7"", ""vesselType"": ""longliner"", ""year"": ""2015""}",30,0.0,23,0,ongoing,224792000,7,longliner,2015
0,2016-05-17T23:38:09.417014,6381,"{""mmsi"": ""224792000"", ""month"": ""8"", ""vesselType"": ""longliner"", ""year"": ""2015""}",30,0.0,23,0,ongoing,224792000,8,longliner,2015
0,2016-05-17T23:38:12.547887,6382,"{""mmsi"": ""224792000"", ""month"": ""9"", ""vesselType"": ""longliner"", ""year"": ""2015""}",30,0.0,23,0,ongoing,224792000,9,longliner,2015
0,2016-05-17T23:38:15.706515,6383,"{""mmsi"": ""224792000"", ""month"": ""10"", ""vesselType"": ""longliner"", ""year"": ""2015""}",30,0.0,23,0,ongoing,224792000,10,longliner,2015
0,2016-05-17T23:38:18.841036,6384,"{""mmsi"": ""224792000"", ""month"": ""11"", ""vesselType"": ""longliner"", ""year"": ""2015""}",30,0.0,23,0,ongoing,224792000,11,longliner,2015
0,2016-05-17T23:38:21.976437,6385,"{""mmsi"": ""224792000"", ""month"": ""12"", ""vesselType"": ""longliner"", ""year"": ""2015""}",30,0.0,23,0,ongoing,224792000,12,longliner,2015
0,2016-05-17T23:38:25.104003,6386,"{""mmsi"": ""231010000"", ""month"": ""1"", ""vesselType"": ""trawler"", ""year"": ""2015""}",30,0.0,23,0,ongoing,231010000,1,trawler,2015
0,2016-05-17T23:38:28.230418,6387,"{""mmsi"": ""231010000"", ""month"": ""2"", ""vesselType"": ""trawler"", ""year"": ""2015""}",30,0.0,23,0,ongoing,231010000,2,trawler,2015
0,2016-05-17T23:38:31.358049,6388,"{""mmsi"": ""231010000"", ""month"": ""3"", ""vesselType"": ""trawler"", ""year"": ""2015""}",30,0.0,23,0,ongoing,231010000,3,trawler,2015
0,2016-05-17T23:38:34.487421,6389,"{""mmsi"": ""231010000"", ""month"": ""4"", ""vesselType"": ""trawler"", ""year"": ""2015""}",30,0.0,23,0,ongoing,231010000,4,trawler,2015
0,2016-05-17T23:38:37.622826,6390,"{""mmsi"": ""231010000"", ""month"": ""5"", ""vesselType"": ""trawler"", ""year"": ""2015""}",30,0.0,23,0,ongoing,231010000,5,trawler,2015
0,2016-05-17T23:38:40.753103,6391,"{""mmsi"": ""231010000"", ""month"": ""6"", ""vesselType"": ""trawler"", ""year"": ""2015""}",30,0.0,23,0,ongoing,231010000,6,trawler,2015
0,2016-05-17T23:38:43.880843,6392,"{""mmsi"": ""231010000"", ""month"": ""7"", ""vesselType"": ""trawler"", ""year"": ""2015""}",30,0.0,23,0,ongoing,231010000,7,trawler,2015
0,2016-05-17T23:38:47.011620,6393,"{""mmsi"": ""231010000"", ""month"": ""8"", ""vesselType"": ""trawler"", ""year"": ""2015""}",30,0.0,23,0,ongoing,231010000,8,trawler,2015
0,2016-05-17T23:38:51.106244,6394,"{""mmsi"": ""231010000"", ""month"": ""9"", ""vesselType"": ""trawler"", ""year"": ""2015""}",30,0.0,23,0,ongoing,231010000,9,trawler,2015
0,2016-05-17T23:38:54.235096,6395,"{""mmsi"": ""231010000"", ""month"": ""10"", ""vesselType"": ""trawler"", ""year"": ""2015""}",30,0.0,23,0,ongoing,231010000,10,trawler,2015
0,2016-05-17T23:38:57.368401,6396,"{""mmsi"": ""231010000"", ""month"": ""11"", ""vesselType"": ""trawler"", ""year"": ""2015""}",30,0.0,23,0,ongoing,231010000,11,trawler,2015
0,2016-05-17T23:39:00.499470,6397,"{""mmsi"": ""231010000"", ""month"": ""12"", ""vesselType"": ""trawler"", ""year"": ""2015""}",30,0.0,23,0,ongoing,231010000,12,trawler,2015
0,2016-05-17T23:39:03.639161,6398,"{""mmsi"": ""224854000"", ""month"": ""3"", ""vesselType"": ""trawler"", ""year"": ""2015""}",30,0.0,23,0,ongoing,224854000,3,trawler,2015
0,2016-05-17T23:39:06.778609,6399,"{""mmsi"": ""224854000"", ""month"": ""4"", ""vesselType"": ""trawler"", ""year"": ""2015""}",30,0.0,23,0,ongoing,224854000,4,trawler,2015
0,2016-05-17T23:39:09.912632,6400,"{""mmsi"": ""224854000"", ""month"": ""5"", ""vesselType"": ""trawler"", ""year"": ""2015""}",30,0.0,23,0,ongoing,224854000,5,trawler,2015
0,2016-05-17T23:39:13.044719,6401,"{""mmsi"": ""224854000"", ""month"": ""6"", ""vesselType"": ""trawler"", ""year"": ""2015""}",30,0.0,23,0,ongoing,224854000,6,trawler,2015
0,2016-05-17T23:39:16.178392,6402,"{""mmsi"": ""224854000"", ""month"": ""7"", ""vesselType"": ""trawler"", ""year"": ""2015""}",30,0.0,23,0,ongoing,224854000,7,trawler,2015
0,2016-05-17T23:39:19.307476,6403,"{""mmsi"": ""224854000"", ""month"": ""8"", ""vesselType"": ""trawler"", ""year"": ""2015""}",30,0.0,23,0,ongoing,224854000,8,trawler,2015
0,2016-05-17T23:39:22.437015,6404,"{""mmsi"": ""224854000"", ""month"": ""9"", ""vesselType"": ""trawler"", ""year"": ""2015""}",30,0.0,23,0,ongoing,224854000,9,trawler,2015
0,2016-05-17T23:39:25.575900,6405,"{""mmsi"": ""224854000"", ""month"": ""10"", ""vesselType"": ""trawler"", ""year"": ""2015""}",30,0.0,23,0,ongoing,224854000,10,trawler,2015
0,2016-05-17T23:39:28.706243,6406,"{""mmsi"": ""224854000"", ""month"": ""11"", ""vesselType"": ""trawler"", ""year"": ""2015""}",30,0.0,23,0,ongoing,224854000,11,trawler,2015
0,2016-05-17T23:39:31.834323,6407,"{""mmsi"": ""224072870"", ""month"": ""1"", ""vesselType"": ""trawler"", ""year"": ""2015""}",30,0.0,23,0,ongoing,224072870,1,trawler,2015
0,2016-05-17T23:39:34.975000,6408,"{""mmsi"": ""224072870"", ""month"": ""5"", ""vesselType"": ""trawler"", ""year"": ""2015""}",30,0.0,23,0,ongoing,224072870,5,trawler,2015
0,2016-05-17T23:39:38.115116,6409,"{""mmsi"": ""224072870"", ""month"": ""7"", ""vesselType"": ""trawler"", ""year"": ""2015""}",30,0.0,23,0,ongoing,224072870,7,trawler,2015
0,2016-05-17T23:39:41.245249,6410,"{""mmsi"": ""224072870"", ""month"": ""10"", ""vesselType"": ""trawler"", ""year"": ""2015""}",30,0.0,23,0,ongoing,224072870,10,trawler,2015
0,2016-05-17T23:39:44.378774,6411,"{""mmsi"": ""245369000"", ""month"": ""1"", ""vesselType"": ""trawler"", ""year"": ""2015""}",30,0.0,23,0,ongoing,245369000,1,trawler,2015
0,2016-05-17T23:39:47.506362,6412,"{""mmsi"": ""245369000"", ""month"": ""2"", ""vesselType"": ""trawler"", ""year"": ""2015""}",30,0.0,23,0,ongoing,245369000,2,trawler,2015
0,2016-05-17T23:39:50.706406,6413,"{""mmsi"": ""245369000"", ""month"": ""3"", ""vesselType"": ""trawler"", ""year"": ""2015""}",30,0.0,23,0,ongoing,245369000,3,trawler,2015
0,2016-05-17T23:39:53.834045,6414,"{""mmsi"": ""245369000"", ""month"": ""4"", ""vesselType"": ""trawler"", ""year"": ""2015""}",30,0.0,23,0,ongoing,245369000,4,trawler,2015
0,2016-05-17T23:39:56.962518,6415,"{""mmsi"": ""245369000"", ""month"": ""5"", ""vesselType"": ""trawler"", ""year"": ""2015""}",30,0.0,23,0,ongoing,245369000,5,trawler,2015
0,2016-05-17T23:40:00.102623,6416,"{""mmsi"": ""245369000"", ""month"": ""6"", ""vesselType"": ""trawler"", ""year"": ""2015""}",30,0.0,23,0,ongoing,245369000,6,trawler,2015
0,2016-05-17T23:40:03.242578,6417,"{""mmsi"": ""245369000"", ""month"": ""7"", ""vesselType"": ""trawler"", ""year"": ""2015""}",30,0.0,23,0,ongoing,245369000,7,trawler,2015
0,2016-05-17T23:40:06.383669,6418,"{""mmsi"": ""245369000"", ""month"": ""8"", ""vesselType"": ""trawler"", ""year"": ""2015""}",30,0.0,23,0,ongoing,245369000,8,trawler,2015
0,2016-05-17T23:40:09.515369,6419,"{""mmsi"": ""245369000"", ""month"": ""9"", ""vesselType"": ""trawler"", ""year"": ""2015""}",30,0.0,23,0,ongoing,245369000,9,trawler,2015
0,2016-05-17T23:40:12.717795,6420,"{""mmsi"": ""245369000"", ""month"": ""10"", ""vesselType"": ""trawler"", ""year"": ""2015""}",30,0.0,23,0,ongoing,245369000,10,trawler,2015
0,2016-05-17T23:40:15.845558,6421,"{""mmsi"": ""245369000"", ""month"": ""11"", ""vesselType"": ""trawler"", ""year"": ""2015""}",30,0.0,23,0,ongoing,245369000,11,trawler,2015
0,2016-05-17T23:40:18.980152,6422,"{""mmsi"": ""245369000"", ""month"": ""12"", ""vesselType"": ""trawler"", ""year"": ""2015""}",30,0.0,23,0,ongoing,245369000,12,trawler,2015
0,2016-05-17T23:40:22.109017,6423,"{""mmsi"": ""540002200"", ""month"": ""1"", ""vesselType"": ""longliner"", ""year"": ""2015""}",30,0.0,23,0,ongoing,540002200,1,longliner,2015
0,2016-05-17T23:40:25.236285,6424,"{""mmsi"": ""540002200"", ""month"": ""2"", ""vesselType"": ""longliner"", ""year"": ""2015""}",30,0.0,23,0,ongoing,540002200,2,longliner,2015
0,2016-05-17T23:40:28.366545,6425,"{""mmsi"": ""540002200"", ""month"": ""3"", ""vesselType"": ""longliner"", ""year"": ""2015""}",30,0.0,23,0,ongoing,540002200,3,longliner,2015
0,2016-05-17T23:40:31.501670,6426,"{""mmsi"": ""540002200"", ""month"": ""4"", ""vesselType"": ""longliner"", ""year"": ""2015""}",30,0.0,23,0,ongoing,540002200,4,longliner,2015
0,2016-05-17T23:40:34.695397,6427,"{""mmsi"": ""540002200"", ""month"": ""5"", ""vesselType"": ""longliner"", ""year"": ""2015""}",30,0.0,23,0,ongoing,540002200,5,longliner,2015
0,2016-05-17T23:40:37.819487,6428,"{""mmsi"": ""540002200"", ""month"": ""6"", ""vesselType"": ""longliner"", ""year"": ""2015""}",30,0.0,23,0,ongoing,540002200,6,longliner,2015
0,2016-05-17T23:40:40.962715,6429,"{""mmsi"": ""540002200"", ""month"": ""7"", ""vesselType"": ""longliner"", ""year"": ""2015""}",30,0.0,23,0,ongoing,540002200,7,longliner,2015
0,2016-05-17T23:40:44.101874,6430,"{""mmsi"": ""540002200"", ""month"": ""8"", ""vesselType"": ""longliner"", ""year"": ""2015""}",30,0.0,23,0,ongoing,540002200,8,longliner,2015
0,2016-05-17T23:40:47.240689,6431,"{""mmsi"": ""540002200"", ""month"": ""9"", ""vesselType"": ""longliner"", ""year"": ""2015""}",30,0.0,23,0,ongoing,540002200,9,longliner,2015
0,2016-05-17T23:40:50.369846,6432,"{""mmsi"": ""211315630"", ""month"": ""1"", ""vesselType"": ""Trawler"", ""year"": ""2015""}",30,0.0,23,0,ongoing,211315630,1,Trawler,2015
0,2016-05-17T23:40:53.497190,6433,"{""mmsi"": ""211315630"", ""month"": ""2"", ""vesselType"": ""Trawler"", ""year"": ""2015""}",30,0.0,23,0,ongoing,211315630,2,Trawler,2015
0,2016-05-17T23:40:56.696693,6434,"{""mmsi"": ""211315630"", ""month"": ""3"", ""vesselType"": ""Trawler"", ""year"": ""2015""}",30,0.0,23,0,ongoing,211315630,3,Trawler,2015
0,2016-05-17T23:40:59.826778,6435,"{""mmsi"": ""211315630"", ""month"": ""4"", ""vesselType"": ""Trawler"", ""year"": ""2015""}",30,0.0,23,0,ongoing,211315630,4,Trawler,2015
0,2016-05-17T23:41:02.960835,6436,"{""mmsi"": ""211315630"", ""month"": ""5"", ""vesselType"": ""Trawler"", ""year"": ""2015""}",30,0.0,23,0,ongoing,211315630,5,Trawler,2015
0,2016-05-17T23:41:06.088211,6437,"{""mmsi"": ""211315630"", ""month"": ""6"", ""vesselType"": ""Trawler"", ""year"": ""2015""}",30,0.0,23,0,ongoing,211315630,6,Trawler,2015
0,2016-05-17T23:41:09.218256,6438,"{""mmsi"": ""211315630"", ""month"": ""7"", ""vesselType"": ""Trawler"", ""year"": ""2015""}",30,0.0,23,0,ongoing,211315630,7,Trawler,2015
0,2016-05-17T23:41:12.353425,6439,"{""mmsi"": ""211315630"", ""month"": ""8"", ""vesselType"": ""Trawler"", ""year"": ""2015""}",30,0.0,23,0,ongoing,211315630,8,Trawler,2015
0,2016-05-17T23:41:15.483912,6440,"{""mmsi"": ""211315630"", ""month"": ""9"", ""vesselType"": ""Trawler"", ""year"": ""2015""}",30,0.0,23,0,ongoing,211315630,9,Trawler,2015
0,2016-05-17T23:41:18.612124,6441,"{""mmsi"": ""211315630"", ""month"": ""10"", ""vesselType"": ""Trawler"", ""year"": ""2015""}",30,0.0,23,0,ongoing,211315630,10,Trawler,2015
0,2016-05-17T23:41:21.748842,6442,"{""mmsi"": ""211315630"", ""month"": ""11"", ""vesselType"": ""Trawler"", ""year"": ""2015""}",30,0.0,23,0,ongoing,211315630,11,Trawler,2015
0,2016-05-17T23:41:24.879935,6443,"{""mmsi"": ""211315630"", ""month"": ""12"", ""vesselType"": ""Trawler"", ""year"": ""2015""}",30,0.0,23,0,ongoing,211315630,12,Trawler,2015
0,2016-05-17T23:41:28.014193,6444,"{""mmsi"": ""247073090"", ""month"": ""5"", ""vesselType"": ""trawler"", ""year"": ""2015""}",30,0.0,23,0,ongoing,247073090,5,trawler,2015
0,2016-05-17T23:41:31.144299,6445,"{""mmsi"": ""247073090"", ""month"": ""6"", ""vesselType"": ""trawler"", ""year"": ""2015""}",30,0.0,23,0,ongoing,247073090,6,trawler,2015
0,2016-05-17T23:41:34.277351,6446,"{""mmsi"": ""247073090"", ""month"": ""7"", ""vesselType"": ""trawler"", ""year"": ""2015""}",30,0.0,23,0,ongoing,247073090,7,trawler,2015
0,2016-05-17T23:41:37.411846,6447,"{""mmsi"": ""237149000"", ""month"": ""1"", ""vesselType"": ""trawler"", ""year"": ""2015""}",30,0.0,23,0,ongoing,237149000,1,trawler,2015
0,2016-05-17T23:41:40.543436,6448,"{""mmsi"": ""237149000"", ""month"": ""3"", ""vesselType"": ""trawler"", ""year"": ""2015""}",30,0.0,23,0,ongoing,237149000,3,trawler,2015
0,2016-05-17T23:41:43.669443,6449,"{""mmsi"": ""237149000"", ""month"": ""4"", ""vesselType"": ""trawler"", ""year"": ""2015""}",30,0.0,23,0,ongoing,237149000,4,trawler,2015
0,2016-05-17T23:41:46.797721,6450,"{""mmsi"": ""237149000"", ""month"": ""5"", ""vesselType"": ""trawler"", ""year"": ""2015""}",30,0.0,23,0,ongoing,237149000,5,trawler,2015
0,2016-05-17T23:41:49.923902,6451,"{""mmsi"": ""237149000"", ""month"": ""9"", ""vesselType"": ""trawler"", ""year"": ""2015""}",30,0.0,23,0,ongoing,237149000,9,trawler,2015
0,2016-05-17T23:41:53.055755,6452,"{""mmsi"": ""237149000"", ""month"": ""10"", ""vesselType"": ""trawler"", ""year"": ""2015""}",30,0.0,23,0,ongoing,237149000,10,trawler,2015
0,2016-05-17T23:41:56.184721,6453,"{""mmsi"": ""237149000"", ""month"": ""11"", ""vesselType"": ""trawler"", ""year"": ""2015""}",30,0.0,23,0,ongoing,237149000,11,trawler,2015
0,2016-05-17T23:41:59.313117,6454,"{""mmsi"": ""237149000"", ""month"": ""12"", ""vesselType"": ""trawler"", ""year"": ""2015""}",30,0.0,23,0,ongoing,237149000,12,trawler,2015
0,2016-05-17T23:42:02.448426,6455,"{""mmsi"": ""228236000"", ""month"": ""1"", ""vesselType"": ""trawler"", ""year"": ""2015""}",30,0.0,23,0,ongoing,228236000,1,trawler,2015
0,2016-05-17T23:42:05.579499,6456,"{""mmsi"": ""228236000"", ""month"": ""2"", ""vesselType"": ""trawler"", ""year"": ""2015""}",30,0.0,23,0,ongoing,228236000,2,trawler,2015
0,2016-05-17T23:42:08.708669,6457,"{""mmsi"": ""228236000"", ""month"": ""3"", ""vesselType"": ""trawler"", ""year"": ""2015""}",30,0.0,23,0,ongoing,228236000,3,trawler,2015
0,2016-05-17T23:42:11.843001,6458,"{""mmsi"": ""228236000"", ""month"": ""4"", ""vesselType"": ""trawler"", ""year"": ""2015""}",30,0.0,23,0,ongoing,228236000,4,trawler,2015
0,2016-05-17T23:42:14.990165,6459,"{""mmsi"": ""228236000"", ""month"": ""5"", ""vesselType"": ""trawler"", ""year"": ""2015""}",30,0.0,23,0,ongoing,228236000,5,trawler,2015
0,2016-05-17T23:42:18.170942,6460,"{""mmsi"": ""228236000"", ""month"": ""6"", ""vesselType"": ""trawler"", ""year"": ""2015""}",30,0.0,23,0,ongoing,228236000,6,trawler,2015
0,2016-05-17T23:42:21.303501,6461,"{""mmsi"": ""228236000"", ""month"": ""7"", ""vesselType"": ""trawler"", ""year"": ""2015""}",30,0.0,23,0,ongoing,228236000,7,trawler,2015
0,2016-05-17T23:42:24.437647,6462,"{""mmsi"": ""228236000"", ""month"": ""8"", ""vesselType"": ""trawler"", ""year"": ""2015""}",30,0.0,23,0,ongoing,228236000,8,trawler,2015
0,2016-05-17T23:42:27.568498,6463,"{""mmsi"": ""228236000"", ""month"": ""9"", ""vesselType"": ""trawler"", ""year"": ""2015""}",30,0.0,23,0,ongoing,228236000,9,trawler,2015
0,2016-05-17T23:42:30.704768,6464,"{""mmsi"": ""228236000"", ""month"": ""10"", ""vesselType"": ""trawler"", ""year"": ""2015""}",30,0.0,23,0,ongoing,228236000,10,trawler,2015
0,2016-05-17T23:42:33.834184,6465,"{""mmsi"": ""228236000"", ""month"": ""11"", ""vesselType"": ""trawler"", ""year"": ""2015""}",30,0.0,23,0,ongoing,228236000,11,trawler,2015
0,2016-05-17T23:42:36.962776,6466,"{""mmsi"": ""228236000"", ""month"": ""12"", ""vesselType"": ""trawler"", ""year"": ""2015""}",30,0.0,23,0,ongoing,228236000,12,trawler,2015
0,2016-05-17T23:42:40.091955,6467,"{""mmsi"": ""725000261"", ""month"": ""1"", ""vesselType"": ""trawler"", ""year"": ""2015""}",30,0.0,23,0,ongoing,725000261,1,trawler,2015
0,2016-05-17T23:42:43.218551,6468,"{""mmsi"": ""725000261"", ""month"": ""2"", ""vesselType"": ""trawler"", ""year"": ""2015""}",30,0.0,23,0,ongoing,725000261,2,trawler,2015
0,2016-05-17T23:42:46.347919,6469,"{""mmsi"": ""725000261"", ""month"": ""3"", ""vesselType"": ""trawler"", ""year"": ""2015""}",30,0.0,23,0,ongoing,725000261,3,trawler,2015
0,2016-05-17T23:42:49.481765,6470,"{""mmsi"": ""725000261"", ""month"": ""4"", ""vesselType"": ""trawler"", ""year"": ""2015""}",30,0.0,23,0,ongoing,725000261,4,trawler,2015
0,2016-05-17T23:42:52.620268,6471,"{""mmsi"": ""725000261"", ""month"": ""5"", ""vesselType"": ""trawler"", ""year"": ""2015""}",30,0.0,23,0,ongoing,725000261,5,trawler,2015
0,2016-05-17T23:42:55.759823,6472,"{""mmsi"": ""725000261"", ""month"": ""6"", ""vesselType"": ""trawler"", ""year"": ""2015""}",30,0.0,23,0,ongoing,725000261,6,trawler,2015
0,2016-05-17T23:42:58.895511,6473,"{""mmsi"": ""725000261"", ""month"": ""7"", ""vesselType"": ""trawler"", ""year"": ""2015""}",30,0.0,23,0,ongoing,725000261,7,trawler,2015
0,2016-05-17T23:43:02.030373,6474,"{""mmsi"": ""725000261"", ""month"": ""8"", ""vesselType"": ""trawler"", ""year"": ""2015""}",30,0.0,23,0,ongoing,725000261,8,trawler,2015
0,2016-05-17T23:43:05.159984,6475,"{""mmsi"": ""725000261"", ""month"": ""9"", ""vesselType"": ""trawler"", ""year"": ""2015""}",30,0.0,23,0,ongoing,725000261,9,trawler,2015
0,2016-05-17T23:43:08.292155,6476,"{""mmsi"": ""725000261"", ""month"": ""10"", ""vesselType"": ""trawler"", ""year"": ""2015""}",30,0.0,23,0,ongoing,725000261,10,trawler,2015
0,2016-05-17T23:43:11.435671,6477,"{""mmsi"": ""224104340"", ""month"": ""1"", ""vesselType"": ""purse_seine"", ""year"": ""2015""}",30,0.0,23,0,ongoing,224104340,1,purse_seine,2015
0,2016-05-17T23:43:14.563815,6478,"{""mmsi"": ""224104340"", ""month"": ""2"", ""vesselType"": ""purse_seine"", ""year"": ""2015""}",30,0.0,23,0,ongoing,224104340,2,purse_seine,2015
0,2016-05-17T23:43:17.697575,6479,"{""mmsi"": ""224104340"", ""month"": ""3"", ""vesselType"": ""purse_seine"", ""year"": ""2015""}",30,0.0,23,0,ongoing,224104340,3,purse_seine,2015
0,2016-05-17T23:43:20.833068,6480,"{""mmsi"": ""224104340"", ""month"": ""4"", ""vesselType"": ""purse_seine"", ""year"": ""2015""}",30,0.0,23,0,ongoing,224104340,4,purse_seine,2015
0,2016-05-17T23:43:23.965913,6481,"{""mmsi"": ""224104340"", ""month"": ""5"", ""vesselType"": ""purse_seine"", ""year"": ""2015""}",30,0.0,23,0,ongoing,224104340,5,purse_seine,2015
0,2016-05-17T23:43:27.093410,6482,"{""mmsi"": ""224104340"", ""month"": ""6"", ""vesselType"": ""purse_seine"", ""year"": ""2015""}",30,0.0,23,0,ongoing,224104340,6,purse_seine,2015
0,2016-05-17T23:43:30.216249,6483,"{""mmsi"": ""224104340"", ""month"": ""7"", ""vesselType"": ""purse_seine"", ""year"": ""2015""}",30,0.0,23,0,ongoing,224104340,7,purse_seine,2015
0,2016-05-17T23:43:33.341528,6484,"{""mmsi"": ""224104340"", ""month"": ""8"", ""vesselType"": ""purse_seine"", ""year"": ""2015""}",30,0.0,23,0,ongoing,224104340,8,purse_seine,2015
0,2016-05-17T23:43:36.472888,6485,"{""mmsi"": ""224104340"", ""month"": ""9"", ""vesselType"": ""purse_seine"", ""year"": ""2015""}",30,0.0,23,0,ongoing,224104340,9,purse_seine,2015
0,2016-05-17T23:43:39.601715,6486,"{""mmsi"": ""224104340"", ""month"": ""10"", ""vesselType"": ""purse_seine"", ""year"": ""2015""}",30,0.0,23,0,ongoing,224104340,10,purse_seine,2015
0,2016-05-17T23:43:42.733239,6487,"{""mmsi"": ""224104340"", ""month"": ""11"", ""vesselType"": ""purse_seine"", ""year"": ""2015""}",30,0.0,23,0,ongoing,224104340,11,purse_seine,2015
0,2016-05-17T23:43:45.857848,6488,"{""mmsi"": ""224526000"", ""month"": ""2"", ""vesselType"": ""trawler"", ""year"": ""2015""}",30,0.0,23,0,ongoing,224526000,2,trawler,2015
0,2016-05-17T23:43:48.983503,6489,"{""mmsi"": ""224526000"", ""month"": ""3"", ""vesselType"": ""trawler"", ""year"": ""2015""}",30,0.0,23,0,ongoing,224526000,3,trawler,2015
0,2016-05-17T23:43:52.116317,6490,"{""mmsi"": ""224526000"", ""month"": ""4"", ""vesselType"": ""trawler"", ""year"": ""2015""}",30,0.0,23,0,ongoing,224526000,4,trawler,2015
0,2016-05-17T23:43:55.244220,6491,"{""mmsi"": ""224526000"", ""month"": ""5"", ""vesselType"": ""trawler"", ""year"": ""2015""}",30,0.0,23,0,ongoing,224526000,5,trawler,2015
0,2016-05-17T23:43:58.385890,6492,"{""mmsi"": ""224526000"", ""month"": ""6"", ""vesselType"": ""trawler"", ""year"": ""2015""}",30,0.0,23,0,ongoing,224526000,6,trawler,2015
0,2016-05-17T23:44:01.520312,6493,"{""mmsi"": ""224526000"", ""month"": ""7"", ""vesselType"": ""trawler"", ""year"": ""2015""}",30,0.0,23,0,ongoing,224526000,7,trawler,2015
0,2016-05-17T23:44:04.650913,6494,"{""mmsi"": ""224526000"", ""month"": ""8"", ""vesselType"": ""trawler"", ""year"": ""2015""}",30,0.0,23,0,ongoing,224526000,8,trawler,2015
0,2016-05-17T23:44:07.781300,6495,"{""mmsi"": ""224526000"", ""month"": ""9"", ""vesselType"": ""trawler"", ""year"": ""2015""}",30,0.0,23,0,ongoing,224526000,9,trawler,2015
0,2016-05-17T23:44:10.917878,6496,"{""mmsi"": ""224526000"", ""month"": ""10"", ""vesselType"": ""trawler"", ""year"": ""2015""}",30,0.0,23,0,ongoing,224526000,10,trawler,2015
0,2016-05-17T23:44:14.051315,6497,"{""mmsi"": ""247081680"", ""month"": ""1"", ""vesselType"": ""trawler"", ""year"": ""2015""}",30,0.0,23,0,ongoing,247081680,1,trawler,2015
0,2016-05-17T23:44:17.197473,6498,"{""mmsi"": ""247081680"", ""month"": ""2"", ""vesselType"": ""trawler"", ""year"": ""2015""}",30,0.0,23,0,ongoing,247081680,2,trawler,2015
0,2016-05-17T23:44:20.330716,6499,"{""mmsi"": ""247081680"", ""month"": ""3"", ""vesselType"": ""trawler"", ""year"": ""2015""}",30,0.0,23,0,ongoing,247081680,3,trawler,2015
0,2016-05-17T23:44:23.457522,6500,"{""mmsi"": ""247081680"", ""month"": ""4"", ""vesselType"": ""trawler"", ""year"": ""2015""}",30,0.0,23,0,ongoing,247081680,4,trawler,2015
0,2016-05-17T23:44:26.586365,6501,"{""mmsi"": ""247081680"", ""month"": ""5"", ""vesselType"": ""trawler"", ""year"": ""2015""}",30,0.0,23,0,ongoing,247081680,5,trawler,2015
0,2016-05-17T23:44:29.722408,6502,"{""mmsi"": ""247081680"", ""month"": ""6"", ""vesselType"": ""trawler"", ""year"": ""2015""}",30,0.0,23,0,ongoing,247081680,6,trawler,2015
0,2016-05-17T23:44:32.857543,6503,"{""mmsi"": ""247081680"", ""month"": ""7"", ""vesselType"": ""trawler"", ""year"": ""2015""}",30,0.0,23,0,ongoing,247081680,7,trawler,2015
0,2016-05-17T23:44:35.991944,6504,"{""mmsi"": ""247081680"", ""month"": ""8"", ""vesselType"": ""trawler"", ""year"": ""2015""}",30,0.0,23,0,ongoing,247081680,8,trawler,2015
0,2016-05-17T23:44:39.124322,6505,"{""mmsi"": ""247081680"", ""month"": ""9"", ""vesselType"": ""trawler"", ""year"": ""2015""}",30,0.0,23,0,ongoing,247081680,9,trawler,2015
0,2016-05-17T23:44:42.252667,6506,"{""mmsi"": ""247081680"", ""month"": ""10"", ""vesselType"": ""trawler"", ""year"": ""2015""}",30,0.0,23,0,ongoing,247081680,10,trawler,2015
0,2016-05-17T23:44:45.382992,6507,"{""mmsi"": ""247081680"", ""month"": ""11"", ""vesselType"": ""trawler"", ""year"": ""2015""}",30,0.0,23,0,ongoing,247081680,11,trawler,2015
0,2016-05-17T23:44:48.513456,6508,"{""mmsi"": ""247081680"", ""month"": ""12"", ""vesselType"": ""trawler"", ""year"": ""2015""}",30,0.0,23,0,ongoing,247081680,12,trawler,2015
0,2016-05-17T23:44:51.641773,6509,"{""mmsi"": ""224154000"", ""month"": ""1"", ""vesselType"": ""longliner"", ""year"": ""2015""}",30,0.0,23,0,ongoing,224154000,1,longliner,2015
0,2016-05-17T23:44:54.774265,6510,"{""mmsi"": ""224154000"", ""month"": ""2"", ""vesselType"": ""longliner"", ""year"": ""2015""}",30,0.0,23,0,ongoing,224154000,2,longliner,2015
0,2016-05-17T23:44:57.907568,6511,"{""mmsi"": ""224154000"", ""month"": ""3"", ""vesselType"": ""longliner"", ""year"": ""2015""}",30,0.0,23,0,ongoing,224154000,3,longliner,2015
0,2016-05-17T23:45:01.040543,6512,"{""mmsi"": ""224154000"", ""month"": ""4"", ""vesselType"": ""longliner"", ""year"": ""2015""}",30,0.0,23,0,ongoing,224154000,4,longliner,2015
0,2016-05-17T23:45:04.224711,6513,"{""mmsi"": ""224154000"", ""month"": ""5"", ""vesselType"": ""longliner"", ""year"": ""2015""}",30,0.0,23,0,ongoing,224154000,5,longliner,2015
0,2016-05-17T23:45:07.356261,6514,"{""mmsi"": ""224154000"", ""month"": ""6"", ""vesselType"": ""longliner"", ""year"": ""2015""}",30,0.0,23,0,ongoing,224154000,6,longliner,2015
0,2016-05-17T23:45:10.487852,6515,"{""mmsi"": ""224154000"", ""month"": ""7"", ""vesselType"": ""longliner"", ""year"": ""2015""}",30,0.0,23,0,ongoing,224154000,7,longliner,2015
0,2016-05-17T23:45:13.646178,6516,"{""mmsi"": ""224154000"", ""month"": ""8"", ""vesselType"": ""longliner"", ""year"": ""2015""}",30,0.0,23,0,ongoing,224154000,8,longliner,2015
0,2016-05-17T23:45:16.778797,6517,"{""mmsi"": ""701027000"", ""month"": ""1"", ""vesselType"": ""trawler"", ""year"": ""2015""}",30,0.0,23,0,ongoing,701027000,1,trawler,2015
0,2016-05-17T23:45:19.907888,6518,"{""mmsi"": ""701027000"", ""month"": ""2"", ""vesselType"": ""trawler"", ""year"": ""2015""}",30,0.0,23,0,ongoing,701027000,2,trawler,2015
0,2016-05-17T23:45:23.031219,6519,"{""mmsi"": ""701027000"", ""month"": ""3"", ""vesselType"": ""trawler"", ""year"": ""2015""}",30,0.0,23,0,ongoing,701027000,3,trawler,2015
0,2016-05-17T23:45:26.159158,6520,"{""mmsi"": ""701027000"", ""month"": ""4"", ""vesselType"": ""trawler"", ""year"": ""2015""}",30,0.0,23,0,ongoing,701027000,4,trawler,2015
0,2016-05-17T23:45:29.283810,6521,"{""mmsi"": ""701027000"", ""month"": ""5"", ""vesselType"": ""trawler"", ""year"": ""2015""}",30,0.0,23,0,ongoing,701027000,5,trawler,2015
0,2016-05-17T23:45:32.413087,6522,"{""mmsi"": ""701027000"", ""month"": ""6"", ""vesselType"": ""trawler"", ""year"": ""2015""}",30,0.0,23,0,ongoing,701027000,6,trawler,2015
0,2016-05-17T23:45:35.538085,6523,"{""mmsi"": ""701027000"", ""month"": ""7"", ""vesselType"": ""trawler"", ""year"": ""2015""}",30,0.0,23,0,ongoing,701027000,7,trawler,2015
0,2016-05-17T23:45:38.662082,6524,"{""mmsi"": ""701027000"", ""month"": ""8"", ""vesselType"": ""trawler"", ""year"": ""2015""}",30,0.0,23,0,ongoing,701027000,8,trawler,2015
0,2016-05-17T23:45:41.788137,6525,"{""mmsi"": ""701027000"", ""month"": ""9"", ""vesselType"": ""trawler"", ""year"": ""2015""}",30,0.0,23,0,ongoing,701027000,9,trawler,2015
0,2016-05-17T23:45:44.913456,6526,"{""mmsi"": ""701027000"", ""month"": ""10"", ""vesselType"": ""trawler"", ""year"": ""2015""}",30,0.0,23,0,ongoing,701027000,10,trawler,2015
0,2016-05-17T23:45:48.041823,6527,"{""mmsi"": ""701027000"", ""month"": ""11"", ""vesselType"": ""trawler"", ""year"": ""2015""}",30,0.0,23,0,ongoing,701027000,11,trawler,2015
0,2016-05-17T23:45:51.173085,6528,"{""mmsi"": ""701027000"", ""month"": ""12"", ""vesselType"": ""trawler"", ""year"": ""2015""}",30,0.0,23,0,ongoing,701027000,12,trawler,2015
0,2016-05-17T23:45:54.303193,6529,"{""mmsi"": ""224239970"", ""month"": ""3"", ""vesselType"": ""longliner"", ""year"": ""2015""}",30,0.0,23,0,ongoing,224239970,3,longliner,2015
0,2016-05-17T23:45:57.429079,6530,"{""mmsi"": ""224239970"", ""month"": ""6"", ""vesselType"": ""longliner"", ""year"": ""2015""}",30,0.0,23,0,ongoing,224239970,6,longliner,2015
0,2016-05-17T23:46:00.573023,6531,"{""mmsi"": ""224239970"", ""month"": ""7"", ""vesselType"": ""longliner"", ""year"": ""2015""}",30,0.0,23,0,ongoing,224239970,7,longliner,2015
0,2016-05-17T23:46:03.700515,6532,"{""mmsi"": ""224239970"", ""month"": ""8"", ""vesselType"": ""longliner"", ""year"": ""2015""}",30,0.0,23,0,ongoing,224239970,8,longliner,2015
0,2016-05-17T23:46:06.831051,6533,"{""mmsi"": ""224239970"", ""month"": ""9"", ""vesselType"": ""longliner"", ""year"": ""2015""}",30,0.0,23,0,ongoing,224239970,9,longliner,2015
0,2016-05-17T23:46:09.962037,6534,"{""mmsi"": ""224239970"", ""month"": ""10"", ""vesselType"": ""longliner"", ""year"": ""2015""}",30,0.0,23,0,ongoing,224239970,10,longliner,2015
0,2016-05-17T23:46:13.098069,6535,"{""mmsi"": ""247149410"", ""month"": ""1"", ""vesselType"": ""trawler"", ""year"": ""2015""}",30,0.0,23,0,ongoing,247149410,1,trawler,2015
0,2016-05-17T23:46:16.229557,6536,"{""mmsi"": ""247149410"", ""month"": ""2"", ""vesselType"": ""trawler"", ""year"": ""2015""}",30,0.0,23,0,ongoing,247149410,2,trawler,2015
0,2016-05-17T23:46:19.358227,6537,"{""mmsi"": ""247149410"", ""month"": ""3"", ""vesselType"": ""trawler"", ""year"": ""2015""}",30,0.0,23,0,ongoing,247149410,3,trawler,2015
0,2016-05-17T23:46:22.488189,6538,"{""mmsi"": ""247149410"", ""month"": ""4"", ""vesselType"": ""trawler"", ""year"": ""2015""}",30,0.0,23,0,ongoing,247149410,4,trawler,2015
0,2016-05-17T23:46:25.615859,6539,"{""mmsi"": ""247149410"", ""month"": ""5"", ""vesselType"": ""trawler"", ""year"": ""2015""}",30,0.0,23,0,ongoing,247149410,5,trawler,2015
0,2016-05-17T23:46:29.141044,6540,"{""mmsi"": ""247149410"", ""month"": ""6"", ""vesselType"": ""trawler"", ""year"": ""2015""}",30,0.0,23,0,ongoing,247149410,6,trawler,2015
0,2016-05-17T23:46:32.280202,6541,"{""mmsi"": ""247149410"", ""month"": ""7"", ""vesselType"": ""trawler"", ""year"": ""2015""}",30,0.0,23,0,ongoing,247149410,7,trawler,2015
0,2016-05-17T23:46:35.417101,6542,"{""mmsi"": ""247149410"", ""month"": ""8"", ""vesselType"": ""trawler"", ""year"": ""2015""}",30,0.0,23,0,ongoing,247149410,8,trawler,2015
0,2016-05-17T23:46:38.544316,6543,"{""mmsi"": ""247149410"", ""month"": ""9"", ""vesselType"": ""trawler"", ""year"": ""2015""}",30,0.0,23,0,ongoing,247149410,9,trawler,2015
0,2016-05-17T23:46:41.671062,6544,"{""mmsi"": ""247149410"", ""month"": ""10"", ""vesselType"": ""trawler"", ""year"": ""2015""}",30,0.0,23,0,ongoing,247149410,10,trawler,2015
0,2016-05-17T23:46:44.799997,6545,"{""mmsi"": ""247149410"", ""month"": ""11"", ""vesselType"": ""trawler"", ""year"": ""2015""}",30,0.0,23,0,ongoing,247149410,11,trawler,2015
0,2016-05-17T23:46:47.936783,6546,"{""mmsi"": ""247149410"", ""month"": ""12"", ""vesselType"": ""trawler"", ""year"": ""2015""}",30,0.0,23,0,ongoing,247149410,12,trawler,2015
0,2016-05-17T23:46:51.068497,6547,"{""mmsi"": ""224233000"", ""month"": ""1"", ""vesselType"": ""longliner"", ""year"": ""2015""}",30,0.0,23,0,ongoing,224233000,1,longliner,2015
0,2016-05-17T23:46:54.193861,6548,"{""mmsi"": ""224233000"", ""month"": ""2"", ""vesselType"": ""longliner"", ""year"": ""2015""}",30,0.0,23,0,ongoing,224233000,2,longliner,2015
0,2016-05-17T23:46:57.326107,6549,"{""mmsi"": ""224233000"", ""month"": ""3"", ""vesselType"": ""longliner"", ""year"": ""2015""}",30,0.0,23,0,ongoing,224233000,3,longliner,2015
0,2016-05-17T23:47:00.458789,6550,"{""mmsi"": ""224233000"", ""month"": ""4"", ""vesselType"": ""longliner"", ""year"": ""2015""}",30,0.0,23,0,ongoing,224233000,4,longliner,2015
0,2016-05-17T23:47:03.590336,6551,"{""mmsi"": ""224233000"", ""month"": ""5"", ""vesselType"": ""longliner"", ""year"": ""2015""}",30,0.0,23,0,ongoing,224233000,5,longliner,2015
0,2016-05-17T23:47:06.723317,6552,"{""mmsi"": ""224233000"", ""month"": ""6"", ""vesselType"": ""longliner"", ""year"": ""2015""}",30,0.0,23,0,ongoing,224233000,6,longliner,2015
0,2016-05-17T23:47:09.855241,6553,"{""mmsi"": ""224233000"", ""month"": ""8"", ""vesselType"": ""longliner"", ""year"": ""2015""}",30,0.0,23,0,ongoing,224233000,8,longliner,2015
0,2016-05-17T23:47:12.994097,6554,"{""mmsi"": ""224233000"", ""month"": ""9"", ""vesselType"": ""longliner"", ""year"": ""2015""}",30,0.0,23,0,ongoing,224233000,9,longliner,2015
0,2016-05-17T23:47:16.121444,6555,"{""mmsi"": ""224233000"", ""month"": ""10"", ""vesselType"": ""longliner"", ""year"": ""2015""}",30,0.0,23,0,ongoing,224233000,10,longliner,2015
0,2016-05-17T23:47:19.251328,6556,"{""mmsi"": ""224233000"", ""month"": ""11"", ""vesselType"": ""longliner"", ""year"": ""2015""}",30,0.0,23,0,ongoing,224233000,11,longliner,2015
0,2016-05-17T23:47:22.385141,6557,"{""mmsi"": ""224233000"", ""month"": ""12"", ""vesselType"": ""longliner"", ""year"": ""2015""}",30,0.0,23,0,ongoing,224233000,12,longliner,2015
